Question from Laura,Self Reported or UHC Reported,Primary Role,Positive Test Result Date,Number of Cases
C,Self Reported,Student,30-Apr-20,1
C,Self Reported,Student,26-May-20,1
C,Self Reported,Student,29-May-20,1
C,Self Reported,Student,2-Jul-20,1
C,Self Reported,Staff,8-Jul-20,1
C,Self Reported,Student,10-Jul-20,1
C,Self Reported,Student,28-Jul-20,1
C,Self Reported,Student,30-Jul-20,1
C,Self Reported,Student,3-Aug-20,1
C,Self Reported,Student,1-Sep-20,1
C,Self Reported,Student,6-Sep-20,1
C,Self Reported,Student,8-Sep-20,1
C,Self Reported,Student,10-Sep-20,2
C,Self Reported,Student,19-Sep-20,1
C,Self Reported,Student,6-Nov-20,1
C,Self Reported,Staff,25-Nov-20,2
C,Self Reported,Student,30-Nov-20,1
C,Self Reported,Staff,2-Dec-20,1
C,Self Reported,Student,3-Dec-20,1
C,Self Reported,Student,9-Dec-20,1
C,Self Reported,Student,18-Dec-20,3
C,Self Reported,Staff,22-Dec-20,4
C,Self Reported,Student,28-Dec-20,1
C,Self Reported,Student,1-Jan-21,1
C,Self Reported,Student,2-Jan-21,2
C,Self Reported,Student,5-Jan-21,1
C,Self Reported,Student,7-Jan-21,1
C,Self Reported,Student,8-Jan-21,1
C,Self Reported,Student,11-Jan-21,2
C,Self Reported,Student,14-Jan-21,1
C,Self Reported,Student,15-Jan-21,2
C,Self Reported,Student,17-Jan-21,1
C,Self Reported,Student,20-Jan-21,1
C,Self Reported,Student,22-Jan-21,1
C,Self Reported,Student,1-Feb-21,1
C,Self Reported,Student,7-Feb-21,1
C,Self Reported,Student,15-Feb-21,1
C,Self Reported,Student,22-Feb-21,1
C,Self Reported,Student,23-Feb-21,1
C,Self Reported,Student,26-Feb-21,1
C,Self Reported,Student,18-Mar-21,1
C,Self Reported,Student,23-Mar-21,1
C,Self Reported,Student,31-Mar-21,1
C,Self Reported,Student,1-Apr-21,1
C,Self Reported,Student,7-Apr-21,1
C,Self Reported,Student,9-Apr-21,1
C,Self Reported,Staff,10-Apr-21,1
C,Self Reported,Student,12-Apr-21,1
C,Self Reported,Student,5-May-21,1
C,Self Reported,Student,27-May-21,1
C,Self Reported,Student,16-Jun-21,1
C,Self Reported,Student,12-Jul-21,1
C,Self Reported,Student,14-Jul-21,1
C,Self Reported,Staff,16-Jul-21,1
C,Self Reported,Student,18-Jul-21,1
C,Self Reported,Student,19-Jul-21,1
C,Self Reported,Student,10-Aug-21,2
C,Self Reported,Student,14-Aug-21,1
C,Self Reported,Student,19-Aug-21,1
C,Self Reported,Student,20-Aug-21,1
C,Self Reported,Student,21-Aug-21,1
C,Self Reported,Student,22-Aug-21,1
C,Self Reported,Student,23-Aug-21,1
C,Self Reported,Student,30-Aug-21,1
C,Self Reported,Student,31-Aug-21,1
C,Self Reported,Student,1-Sep-21,2
C,Self Reported,Student,6-Sep-21,1
C,Self Reported,Student,8-Sep-21,1
C,Self Reported,Student,16-Sep-21,1
C,Self Reported,Student,17-Sep-21,1
C,Self Reported,Student,20-Sep-21,1
C,Self Reported,Student,24-Sep-21,1
C,Self Reported,Student,6-Oct-21,2
C,Self Reported,Student,11-Oct-21,1
C,Self Reported,Student,13-Oct-21,1
C,Self Reported,Student,16-Oct-21,1
C,Self Reported,Student,19-Oct-21,1
C,Self Reported,Student,20-Oct-21,1
C,Self Reported,Student,27-Oct-21,1
C,Self Reported,Student,29-Oct-21,1
C,Self Reported,Student,3-Nov-21,1
C,Self Reported,Student,7-Nov-21,1
C,Self Reported,Student,8-Nov-21,1
C,Self Reported,Student,16-Nov-21,1
C,Self Reported,Staff,18-Nov-21,1
C,Self Reported,Student,18-Nov-21,3
C,Self Reported,Student,22-Nov-21,1
C,Self Reported,Student,25-Nov-21,1
C,Self Reported,Staff,30-Nov-21,1
C,Self Reported,Student,1-Dec-21,3
C,Self Reported,Staff,2-Dec-21,2
C,Self Reported,Student,2-Dec-21,1
C,Self Reported,Student,3-Dec-21,2
C,Self Reported,Student,7-Dec-21,1
C,Self Reported,Student,9-Dec-21,8
C,Self Reported,Student,10-Dec-21,3
C,Self Reported,Student,11-Dec-21,1
C,Self Reported,Student,13-Dec-21,1
C,Self Reported,Student,14-Dec-21,6
C,Self Reported,Student,15-Dec-21,3
C,Self Reported,Student,16-Dec-21,4
C,Self Reported,Student,17-Dec-21,4
C,Self Reported,Student,18-Dec-21,6
C,Self Reported,Student,19-Dec-21,8
C,Self Reported,Faculty,20-Dec-21,2
C,Self Reported,Staff,20-Dec-21,2
C,Self Reported,Student,20-Dec-21,10
C,Self Reported,Staff,21-Dec-21,1
C,Self Reported,Student,21-Dec-21,11
C,Self Reported,Faculty,22-Dec-21,1
C,Self Reported,Student,22-Dec-21,18
C,Self Reported,Student,23-Dec-21,17
C,Self Reported,Student,24-Dec-21,11
C,Self Reported,Student,25-Dec-21,13
C,Self Reported,Staff,26-Dec-21,3
C,Self Reported,Student,26-Dec-21,10
C,Self Reported,Faculty,27-Dec-21,2
C,Self Reported,Staff,27-Dec-21,3
C,Self Reported,Student,27-Dec-21,21
C,Self Reported,Faculty,28-Dec-21,2
C,Self Reported,Student,28-Dec-21,10
C,Self Reported,Staff,29-Dec-21,3
C,Self Reported,Student,29-Dec-21,11
C,Self Reported,Student,30-Dec-21,18
C,Self Reported,Staff,31-Dec-21,3
C,Self Reported,Student,31-Dec-21,11
C,Self Reported,Faculty,1-Jan-22,1
C,Self Reported,Student,1-Jan-22,14
C,Self Reported,Staff,2-Jan-22,1
C,Self Reported,Student,2-Jan-22,14
C,Self Reported,Staff,3-Jan-22,1
C,Self Reported,Student,3-Jan-22,10
C,Self Reported,Staff,4-Jan-22,2
C,Self Reported,Student,4-Jan-22,10
C,Self Reported,Staff,5-Jan-22,8
C,Self Reported,Student,5-Jan-22,17
C,Self Reported,Staff,6-Jan-22,1
C,Self Reported,Student,6-Jan-22,10
C,Self Reported,Student,7-Jan-22,10
C,Self Reported,Staff,8-Jan-22,1
C,Self Reported,Student,8-Jan-22,6
C,Self Reported,Student,9-Jan-22,9
C,Self Reported,Student,10-Jan-22,11
C,Self Reported,Student,11-Jan-22,7
C,Self Reported,Student,12-Jan-22,5
C,Self Reported,Staff,13-Jan-22,2
C,Self Reported,Student,13-Jan-22,6
C,Self Reported,Student,14-Jan-22,8
C,Self Reported,Staff,15-Jan-22,1
C,Self Reported,Student,15-Jan-22,2
C,Self Reported,Student,16-Jan-22,3
C,Self Reported,Student,17-Jan-22,3
C,Self Reported,Student,18-Jan-22,4
C,Self Reported,Student,19-Jan-22,3
C,Self Reported,Student,20-Jan-22,9
C,Self Reported,Student,21-Jan-22,2
C,Self Reported,Student,22-Jan-22,6
C,Self Reported,Faculty,23-Jan-22,1
C,Self Reported,Student,23-Jan-22,6
C,Self Reported,Staff,24-Jan-22,1
C,Self Reported,Student,24-Jan-22,2
C,Self Reported,Student,25-Jan-22,1
C,Self Reported,Faculty,26-Jan-22,3
C,Self Reported,Student,26-Jan-22,3
C,Self Reported,Student,27-Jan-22,3
C,Self Reported,Staff,29-Jan-22,2
C,Self Reported,Student,29-Jan-22,2
C,Self Reported,Student,30-Jan-22,1
C,Self Reported,Student,31-Jan-22,1
C,Self Reported,Staff,1-Feb-22,1
C,Self Reported,Student,1-Feb-22,5
C,Self Reported,Student,2-Feb-22,2
C,Self Reported,Student,3-Feb-22,3
C,Self Reported,Student,4-Feb-22,2
C,Self Reported,Student,5-Feb-22,1
C,Self Reported,Student,7-Feb-22,3
C,Self Reported,Student,8-Feb-22,2
C,Self Reported,Student,9-Feb-22,2
C,Self Reported,Student,10-Feb-22,3
C,Self Reported,Student,11-Feb-22,4
C,Self Reported,Student,12-Feb-22,1
C,Self Reported,Staff,15-Feb-22,1
C,Self Reported,Student,15-Feb-22,1
C,Self Reported,Student,16-Feb-22,1
C,Self Reported,Student,18-Feb-22,1
C,Self Reported,Student,22-Feb-22,1
C,Self Reported,Student,24-Feb-22,1
C,Self Reported,Student,26-Feb-22,1
C,Self Reported,Student,28-Feb-22,1
C,Self Reported,Student,1-Mar-22,2
C,Self Reported,Student,3-Mar-22,1
C,Self Reported,Staff,8-Mar-22,1
C,Self Reported,Student,8-Mar-22,2
C,Self Reported,Student,9-Mar-22,1
C,Self Reported,Student,10-Mar-22,1
C,Self Reported,Student,12-Mar-22,2
C,Self Reported,Student,14-Mar-22,1
C,Self Reported,Student,15-Mar-22,4
C,Self Reported,Staff,16-Mar-22,1
C,Self Reported,Student,17-Mar-22,2
C,Self Reported,Faculty,18-Mar-22,2
C,Self Reported,Student,18-Mar-22,7
C,Self Reported,Student,20-Mar-22,2
C,Self Reported,Student,21-Mar-22,2
C,Self Reported,Student,22-Mar-22,3
C,Self Reported,Faculty,23-Mar-22,1
C,Self Reported,Staff,23-Mar-22,2
C,Self Reported,Staff,24-Mar-22,3
C,Self Reported,Student,24-Mar-22,2
C,Self Reported,Student,26-Mar-22,3
C,Self Reported,Student,27-Mar-22,2
C,Self Reported,Student,28-Mar-22,2
C,Self Reported,Faculty,30-Mar-22,1
C,Self Reported,Staff,31-Mar-22,1
C,Self Reported,Student,31-Mar-22,3
C,Self Reported,Staff,1-Apr-22,2
C,Self Reported,Student,1-Apr-22,4
C,Self Reported,Staff,2-Apr-22,2
C,Self Reported,Student,2-Apr-22,1
C,Self Reported,Faculty,3-Apr-22,1
C,Self Reported,Student,3-Apr-22,4
C,Self Reported,Staff,4-Apr-22,1
C,Self Reported,Student,4-Apr-22,7
C,Self Reported,Staff,5-Apr-22,1
C,Self Reported,Student,5-Apr-22,14
C,Self Reported,Staff,6-Apr-22,3
C,Self Reported,Student,6-Apr-22,2
C,Self Reported,Staff,7-Apr-22,3
C,Self Reported,Student,7-Apr-22,4
C,Self Reported,Student,8-Apr-22,1
C,Self Reported,Student,9-Apr-22,1
C,Self Reported,Faculty,10-Apr-22,3
C,Self Reported,Staff,10-Apr-22,1
C,Self Reported,Student,10-Apr-22,5
C,Self Reported,Staff,11-Apr-22,2
C,Self Reported,Student,11-Apr-22,3
C,Self Reported,Student,12-Apr-22,9
C,Self Reported,Student,13-Apr-22,11
C,Self Reported,Student,14-Apr-22,3
C,Self Reported,Faculty,15-Apr-22,2
C,Self Reported,Staff,15-Apr-22,4
C,Self Reported,Student,15-Apr-22,2
C,Self Reported,Faculty,16-Apr-22,4
C,Self Reported,Staff,16-Apr-22,2
C,Self Reported,Student,16-Apr-22,12
C,Self Reported,Staff,17-Apr-22,3
C,Self Reported,Student,17-Apr-22,2
C,Self Reported,Staff,18-Apr-22,2
C,Self Reported,Student,18-Apr-22,3
C,Self Reported,Faculty,19-Apr-22,3
C,Self Reported,Student,19-Apr-22,4
C,Self Reported,Staff,20-Apr-22,4
C,Self Reported,Student,20-Apr-22,4
C,Self Reported,Faculty,21-Apr-22,1
C,Self Reported,Staff,21-Apr-22,1
C,Self Reported,Student,21-Apr-22,4
C,Self Reported,Staff,22-Apr-22,3
C,Self Reported,Student,22-Apr-22,11
C,Self Reported,Faculty,23-Apr-22,1
C,Self Reported,Staff,23-Apr-22,1
C,Self Reported,Student,23-Apr-22,9
C,Self Reported,Staff,24-Apr-22,3
C,Self Reported,Student,24-Apr-22,7
C,Self Reported,Staff,25-Apr-22,11
C,Self Reported,Student,25-Apr-22,13
C,Self Reported,Staff,26-Apr-22,2
C,Self Reported,Student,26-Apr-22,9
C,Self Reported,Faculty,27-Apr-22,2
C,Self Reported,Staff,27-Apr-22,1
C,Self Reported,Student,27-Apr-22,6
C,Self Reported,Student,28-Apr-22,4
C,Self Reported,Faculty,29-Apr-22,1
C,Self Reported,Staff,29-Apr-22,1
C,Self Reported,Student,30-Apr-22,1
C,Self Reported,Faculty,1-May-22,3
C,Self Reported,Staff,1-May-22,1
C,Self Reported,Student,1-May-22,8
C,Self Reported,Staff,2-May-22,1
C,Self Reported,Student,2-May-22,9
C,Self Reported,Staff,3-May-22,13
C,Self Reported,Student,3-May-22,8
C,Self Reported,Faculty,4-May-22,1
C,Self Reported,Staff,4-May-22,1
C,Self Reported,Student,4-May-22,8
C,Self Reported,Faculty,5-May-22,1
C,Self Reported,Staff,5-May-22,4
C,Self Reported,Student,5-May-22,7
C,Self Reported,Staff,6-May-22,7
C,Self Reported,Student,6-May-22,5
C,Self Reported,Staff,7-May-22,6
C,Self Reported,Student,7-May-22,5
C,Self Reported,Staff,8-May-22,6
C,Self Reported,Student,8-May-22,3
C,Self Reported,Faculty,9-May-22,2
C,Self Reported,Staff,9-May-22,2
C,Self Reported,Student,9-May-22,11
C,Self Reported,Faculty,10-May-22,3
C,Self Reported,Student,10-May-22,9
C,Self Reported,Staff,11-May-22,3
C,Self Reported,Student,11-May-22,6
C,Self Reported,Staff,12-May-22,3
C,Self Reported,Student,12-May-22,8
C,Self Reported,Faculty,13-May-22,1
C,Self Reported,Staff,13-May-22,2
C,Self Reported,Student,13-May-22,10
C,Self Reported,Staff,14-May-22,4
C,Self Reported,Student,14-May-22,4
C,Self Reported,Faculty,15-May-22,2
C,Self Reported,Student,15-May-22,6
C,Self Reported,Faculty,16-May-22,1
C,Self Reported,Staff,16-May-22,1
C,Self Reported,Student,16-May-22,7
C,Self Reported,Faculty,17-May-22,2
C,Self Reported,Staff,17-May-22,2
C,Self Reported,Student,17-May-22,5
C,Self Reported,Faculty,18-May-22,10
C,Self Reported,Staff,18-May-22,6
C,Self Reported,Student,18-May-22,10
C,Self Reported,Student,19-May-22,11
C,Self Reported,Faculty,20-May-22,1
C,Self Reported,Student,20-May-22,8
C,Self Reported,Staff,21-May-22,3
C,Self Reported,Student,21-May-22,4
C,Self Reported,Faculty,22-May-22,2
C,Self Reported,Staff,22-May-22,8
C,Self Reported,Student,22-May-22,7
C,Self Reported,Faculty,23-May-22,2
C,Self Reported,Staff,23-May-22,8
C,Self Reported,Student,23-May-22,8
C,Self Reported,Faculty,24-May-22,1
C,Self Reported,Student,24-May-22,2
C,Self Reported,Faculty,25-May-22,5
C,Self Reported,Student,25-May-22,8
C,Self Reported,Student,26-May-22,5
C,Self Reported,Staff,27-May-22,2
C,Self Reported,Student,27-May-22,1
C,Self Reported,Student,28-May-22,1
C,Self Reported,Faculty,29-May-22,1
C,Self Reported,Staff,29-May-22,1
C,Self Reported,Student,29-May-22,1
C,Self Reported,Faculty,30-May-22,1
C,Self Reported,Staff,30-May-22,2
C,Self Reported,Student,30-May-22,4
C,Self Reported,Faculty,31-May-22,1
C,Self Reported,Staff,31-May-22,5
C,Self Reported,Student,31-May-22,1
C,Self Reported,Faculty,1-Jun-22,5
C,Self Reported,Student,1-Jun-22,2
C,Self Reported,Faculty,2-Jun-22,1
C,Self Reported,Staff,2-Jun-22,3
C,Self Reported,Student,2-Jun-22,4
C,Self Reported,Staff,3-Jun-22,3
C,Self Reported,Student,3-Jun-22,1
C,Self Reported,Student,4-Jun-22,2
C,Self Reported,Student,5-Jun-22,2
C,Self Reported,Faculty,6-Jun-22,2
C,Self Reported,Student,6-Jun-22,4
C,Self Reported,Faculty,7-Jun-22,2
C,Self Reported,Staff,7-Jun-22,1
C,Self Reported,Student,7-Jun-22,5
C,Self Reported,Staff,8-Jun-22,1
C,Self Reported,Student,8-Jun-22,1
C,Self Reported,Staff,9-Jun-22,1
C,Self Reported,Student,9-Jun-22,2
C,Self Reported,Student,10-Jun-22,2
C,Self Reported,Faculty,11-Jun-22,2
C,Self Reported,Staff,11-Jun-22,3
C,Self Reported,Staff,12-Jun-22,3
C,Self Reported,Student,12-Jun-22,2
C,Self Reported,Faculty,13-Jun-22,4
C,Self Reported,Staff,13-Jun-22,1
C,Self Reported,Student,13-Jun-22,4
C,Self Reported,Faculty,14-Jun-22,1
C,Self Reported,Student,14-Jun-22,6
C,Self Reported,Staff,15-Jun-22,4
C,Self Reported,Student,15-Jun-22,2
C,Self Reported,Staff,16-Jun-22,1
C,Self Reported,Student,16-Jun-22,2
C,Self Reported,Staff,17-Jun-22,1
C,Self Reported,Student,17-Jun-22,1
C,Self Reported,Staff,18-Jun-22,2
C,Self Reported,Student,18-Jun-22,3
C,Self Reported,Staff,19-Jun-22,2
C,Self Reported,Student,19-Jun-22,3
C,Self Reported,Staff,20-Jun-22,4
C,Self Reported,Student,20-Jun-22,3
C,Self Reported,Student,21-Jun-22,5
C,Self Reported,Faculty,22-Jun-22,1
C,Self Reported,Student,22-Jun-22,1
C,Self Reported,Faculty,23-Jun-22,1
C,Self Reported,Student,23-Jun-22,2
C,Self Reported,Faculty,24-Jun-22,3
C,Self Reported,Student,24-Jun-22,2
C,Self Reported,Faculty,25-Jun-22,2
C,Self Reported,Staff,25-Jun-22,2
C,Self Reported,Student,25-Jun-22,1
C,Self Reported,Student,26-Jun-22,2
C,Self Reported,Student,27-Jun-22,1
C,Self Reported,Faculty,28-Jun-22,4
C,Self Reported,Student,28-Jun-22,2
C,Self Reported,Staff,29-Jun-22,3
C,Self Reported,Student,29-Jun-22,3
C,Self Reported,Faculty,30-Jun-22,1
C,Self Reported,Staff,30-Jun-22,2
C,Self Reported,Student,30-Jun-22,2
C,Self Reported,Faculty,1-Jul-22,3
C,Self Reported,Staff,1-Jul-22,9
C,Self Reported,Student,1-Jul-22,3
C,Self Reported,Faculty,2-Jul-22,6
C,Self Reported,Staff,2-Jul-22,10
C,Self Reported,Faculty,3-Jul-22,3
C,Self Reported,Staff,3-Jul-22,1
C,Self Reported,Student,3-Jul-22,1
C,Self Reported,Faculty,4-Jul-22,1
C,Self Reported,Staff,4-Jul-22,7
C,Self Reported,Student,4-Jul-22,2
C,Self Reported,Faculty,5-Jul-22,3
C,Self Reported,Staff,5-Jul-22,14
C,Self Reported,Student,5-Jul-22,3
C,Self Reported,Faculty,6-Jul-22,6
C,Self Reported,Staff,6-Jul-22,11
C,Self Reported,Student,6-Jul-22,4
C,Self Reported,Faculty,7-Jul-22,1
C,Self Reported,Staff,7-Jul-22,7
C,Self Reported,Student,7-Jul-22,2
C,Self Reported,Faculty,8-Jul-22,1
C,Self Reported,Staff,8-Jul-22,12
C,Self Reported,Student,8-Jul-22,4
C,Self Reported,Faculty,9-Jul-22,3
C,Self Reported,Staff,9-Jul-22,5
C,Self Reported,Student,9-Jul-22,1
C,Self Reported,Faculty,10-Jul-22,5
C,Self Reported,Staff,10-Jul-22,16
C,Self Reported,Student,10-Jul-22,2
C,Self Reported,Faculty,11-Jul-22,7
C,Self Reported,Staff,11-Jul-22,16
C,Self Reported,Student,11-Jul-22,4
C,Self Reported,Faculty,12-Jul-22,2
C,Self Reported,Staff,12-Jul-22,9
C,Self Reported,Student,12-Jul-22,1
C,Self Reported,Faculty,13-Jul-22,2
C,Self Reported,Staff,13-Jul-22,4
C,Self Reported,Student,13-Jul-22,8
C,Self Reported,Staff,14-Jul-22,10
C,Self Reported,Student,14-Jul-22,5
C,Self Reported,Faculty,15-Jul-22,7
C,Self Reported,Staff,15-Jul-22,3
C,Self Reported,Faculty,16-Jul-22,3
C,Self Reported,Staff,16-Jul-22,3
C,Self Reported,Student,16-Jul-22,2
C,Self Reported,Staff,17-Jul-22,12
C,Self Reported,Student,17-Jul-22,1
C,Self Reported,Faculty,18-Jul-22,1
C,Self Reported,Staff,18-Jul-22,17
C,Self Reported,Student,18-Jul-22,4
C,Self Reported,Faculty,19-Jul-22,4
C,Self Reported,Staff,19-Jul-22,6
C,Self Reported,Student,19-Jul-22,6
C,Self Reported,Faculty,20-Jul-22,2
C,Self Reported,Staff,20-Jul-22,9
C,Self Reported,Student,20-Jul-22,5
C,Self Reported,Staff,21-Jul-22,9
C,Self Reported,Student,21-Jul-22,4
C,Self Reported,Faculty,22-Jul-22,6
C,Self Reported,Staff,22-Jul-22,5
C,Self Reported,Student,22-Jul-22,3
C,Self Reported,Staff,23-Jul-22,13
C,Self Reported,Student,23-Jul-22,2
C,Self Reported,Faculty,24-Jul-22,4
C,Self Reported,Staff,24-Jul-22,4
C,Self Reported,Student,24-Jul-22,1
C,Self Reported,Faculty,25-Jul-22,1
C,Self Reported,Staff,25-Jul-22,5
C,Self Reported,Student,25-Jul-22,4
C,Self Reported,Faculty,26-Jul-22,6
C,Self Reported,Staff,26-Jul-22,19
C,Self Reported,Student,26-Jul-22,3
C,Self Reported,Faculty,27-Jul-22,2
C,Self Reported,Staff,27-Jul-22,5
C,Self Reported,Student,27-Jul-22,3
C,Self Reported,Faculty,28-Jul-22,4
C,Self Reported,Student,28-Jul-22,4
C,Self Reported,Faculty,29-Jul-22,1
C,Self Reported,Staff,29-Jul-22,4
C,Self Reported,Student,29-Jul-22,1
C,Self Reported,Faculty,30-Jul-22,2
C,Self Reported,Staff,30-Jul-22,12
C,Self Reported,Student,30-Jul-22,3
C,Self Reported,Student,31-Jul-22,1
C,Self Reported,Faculty,1-Aug-22,2
C,Self Reported,Staff,1-Aug-22,8
C,Self Reported,Student,1-Aug-22,6
C,Self Reported,Staff,2-Aug-22,11
C,Self Reported,Student,2-Aug-22,1
C,Self Reported,Faculty,3-Aug-22,3
C,Self Reported,Staff,3-Aug-22,7
C,Self Reported,Student,3-Aug-22,3
C,Self Reported,Faculty,4-Aug-22,4
C,Self Reported,Staff,4-Aug-22,10
C,Self Reported,Student,4-Aug-22,4
C,Self Reported,Faculty,5-Aug-22,4
C,Self Reported,Student,5-Aug-22,4
C,Self Reported,Staff,6-Aug-22,15
C,Self Reported,Student,6-Aug-22,1
C,Self Reported,Faculty,7-Aug-22,4
C,Self Reported,Staff,7-Aug-22,12
C,Self Reported,Student,7-Aug-22,1
C,Self Reported,Faculty,8-Aug-22,10
C,Self Reported,Staff,8-Aug-22,10
C,Self Reported,Student,8-Aug-22,6
C,Self Reported,Staff,9-Aug-22,10
C,Self Reported,Student,9-Aug-22,3
C,Self Reported,Staff,10-Aug-22,9
C,Self Reported,Student,10-Aug-22,4
C,Self Reported,Staff,11-Aug-22,4
C,Self Reported,Student,11-Aug-22,5
C,Self Reported,Faculty,12-Aug-22,5
C,Self Reported,Staff,12-Aug-22,10
C,Self Reported,Student,12-Aug-22,2
C,Self Reported,Faculty,13-Aug-22,4
C,Self Reported,Staff,13-Aug-22,1
C,Self Reported,Student,13-Aug-22,2
C,Self Reported,Faculty,14-Aug-22,1
C,Self Reported,Staff,14-Aug-22,17
C,Self Reported,Staff,15-Aug-22,3
C,Self Reported,Student,15-Aug-22,5
C,Self Reported,Faculty,16-Aug-22,1
C,Self Reported,Staff,16-Aug-22,12
C,Self Reported,Student,16-Aug-22,6
C,Self Reported,Faculty,17-Aug-22,2
C,Self Reported,Staff,17-Aug-22,1
C,Self Reported,Student,17-Aug-22,5
C,Self Reported,Faculty,18-Aug-22,4
C,Self Reported,Staff,18-Aug-22,1
C,Self Reported,Student,18-Aug-22,2
C,Self Reported,Faculty,19-Aug-22,4
C,Self Reported,Staff,19-Aug-22,11
C,Self Reported,Student,19-Aug-22,3
C,Self Reported,Staff,20-Aug-22,4
C,Self Reported,Student,20-Aug-22,5
C,Self Reported,Faculty,21-Aug-22,3
C,Self Reported,Staff,21-Aug-22,2
C,Self Reported,Student,21-Aug-22,1
C,Self Reported,Faculty,22-Aug-22,1
C,Self Reported,Staff,22-Aug-22,12
C,Self Reported,Student,22-Aug-22,11
C,Self Reported,Faculty,23-Aug-22,2
C,Self Reported,Staff,23-Aug-22,9
C,Self Reported,Student,23-Aug-22,5
C,Self Reported,Faculty,24-Aug-22,4
C,Self Reported,Staff,24-Aug-22,16
C,Self Reported,Student,24-Aug-22,10
C,Self Reported,Faculty,25-Aug-22,2
C,Self Reported,Staff,25-Aug-22,7
C,Self Reported,Student,25-Aug-22,7
C,Self Reported,Faculty,26-Aug-22,4
C,Self Reported,Staff,26-Aug-22,13
C,Self Reported,Student,26-Aug-22,4
C,Self Reported,Faculty,27-Aug-22,3
C,Self Reported,Staff,27-Aug-22,6
C,Self Reported,Student,27-Aug-22,11
C,Self Reported,Faculty,28-Aug-22,2
C,Self Reported,Staff,28-Aug-22,8
C,Self Reported,Student,28-Aug-22,25
C,Self Reported,Staff,29-Aug-22,11
C,Self Reported,Student,29-Aug-22,18
C,Self Reported,Faculty,30-Aug-22,5
C,Self Reported,Staff,30-Aug-22,6
C,Self Reported,Student,30-Aug-22,53
C,Self Reported,Faculty,31-Aug-22,1
C,Self Reported,Staff,31-Aug-22,12
C,Self Reported,Student,31-Aug-22,56
C,Self Reported,Faculty,1-Sep-22,2
C,Self Reported,Staff,1-Sep-22,7
C,Self Reported,Student,1-Sep-22,44
C,Self Reported,Faculty,2-Sep-22,4
C,Self Reported,Staff,2-Sep-22,1
C,Self Reported,Student,2-Sep-22,49
C,Self Reported,Faculty,3-Sep-22,3
C,Self Reported,Staff,3-Sep-22,13
C,Self Reported,Student,3-Sep-22,37
C,Self Reported,Student,3-Sep-22,1
C,Self Reported,Faculty,4-Sep-22,2
C,Self Reported,Staff,4-Sep-22,7
C,Self Reported,Student,4-Sep-22,62
C,Self Reported,Student,4-Sep-22,1
C,Self Reported,Faculty,5-Sep-22,4
C,Self Reported,Staff,5-Sep-22,10
C,Self Reported,Student,5-Sep-22,101
C,Self Reported,Faculty,6-Sep-22,2
C,Self Reported,Staff,6-Sep-22,15
C,Self Reported,Student,6-Sep-22,113
C,Self Reported,Faculty,7-Sep-22,1
C,Self Reported,Staff,7-Sep-22,8
C,Self Reported,Student,7-Sep-22,69
C,Self Reported,Staff,8-Sep-22,3
C,Self Reported,Student,8-Sep-22,44
C,Self Reported,Faculty,9-Sep-22,2
C,Self Reported,Staff,9-Sep-22,3
C,Self Reported,Student,9-Sep-22,45
C,Self Reported,Faculty,10-Sep-22,1
C,Self Reported,Staff,10-Sep-22,7
C,Self Reported,Student,10-Sep-22,39
C,Self Reported,Faculty,11-Sep-22,4
C,Self Reported,Staff,11-Sep-22,11
C,Self Reported,Student,11-Sep-22,36
C,Self Reported,Faculty,12-Sep-22,5
C,Self Reported,Staff,12-Sep-22,5
C,Self Reported,Student,12-Sep-22,53
C,Self Reported,Faculty,13-Sep-22,4
C,Self Reported,Staff,13-Sep-22,9
C,Self Reported,Student,13-Sep-22,57
C,Self Reported,Faculty,14-Sep-22,3
C,Self Reported,Staff,14-Sep-22,13
C,Self Reported,Student,14-Sep-22,40
C,Self Reported,Faculty,15-Sep-22,3
C,Self Reported,Staff,15-Sep-22,3
C,Self Reported,Student,15-Sep-22,33
C,Self Reported,Faculty,16-Sep-22,3
C,Self Reported,Staff,16-Sep-22,6
C,Self Reported,Student,16-Sep-22,22
C,Self Reported,Faculty,17-Sep-22,2
C,Self Reported,Staff,17-Sep-22,5
C,Self Reported,Student,17-Sep-22,15
C,Self Reported,Faculty,18-Sep-22,2
C,Self Reported,Staff,18-Sep-22,6
C,Self Reported,Student,18-Sep-22,19
C,Self Reported,Faculty,19-Sep-22,3
C,Self Reported,Staff,19-Sep-22,4
C,Self Reported,Student,19-Sep-22,17
C,Self Reported,Faculty,20-Sep-22,1
C,Self Reported,Staff,20-Sep-22,5
C,Self Reported,Student,20-Sep-22,18
C,Self Reported,Staff,21-Sep-22,1
C,Self Reported,Student,21-Sep-22,2
B,UHC Reported,Student,15-May-20,1
B,UHC Reported,Student,20-Jun-20,1
B,UHC Reported,Student,26-Jun-20,1
B,UHC Reported,Student,1-Jul-20,1
B,UHC Reported,Staff,14-Jul-20,3
B,UHC Reported,Student,15-Jul-20,2
B,UHC Reported,Faculty,16-Jul-20,3
B,UHC Reported,Faculty,17-Jul-20,1
B,UHC Reported,Staff,19-Jul-20,3
B,UHC Reported,Student,21-Jul-20,1
B,UHC Reported,Student,23-Jul-20,1
B,UHC Reported,Student,24-Jul-20,1
B,UHC Reported,Faculty,26-Jul-20,3
B,UHC Reported,Faculty,26-Jul-20,3
B,UHC Reported,Student,26-Jul-20,1
B,UHC Reported,Staff,27-Jul-20,3
B,UHC Reported,Student,1-Aug-20,2
B,UHC Reported,Staff,4-Aug-20,1
B,UHC Reported,Faculty,7-Aug-20,52
B,UHC Reported,Staff,7-Aug-20,115
B,UHC Reported,Student,7-Aug-20,241
B,UHC Reported,Staff,8-Aug-20,2
B,UHC Reported,Student,10-Aug-20,1
B,UHC Reported,Student,17-Aug-20,1
B,UHC Reported,Faculty,18-Aug-20,2
B,UHC Reported,Staff,18-Aug-20,1
B,UHC Reported,Student,18-Aug-20,2
B,UHC Reported,Faculty,19-Aug-20,4
B,UHC Reported,Staff,20-Aug-20,1
B,UHC Reported,Student,20-Aug-20,2
B,UHC Reported,Student,21-Aug-20,1
B,UHC Reported,Student,22-Aug-20,1
B,UHC Reported,Student,23-Aug-20,1
B,UHC Reported,Student,24-Aug-20,2
B,UHC Reported,Staff,25-Aug-20,2
B,UHC Reported,Staff,25-Aug-20,7
B,UHC Reported,Student,25-Aug-20,1
B,UHC Reported,Student,26-Aug-20,1
B,UHC Reported,Staff,26-Aug-20,3
B,UHC Reported,Student,26-Aug-20,2
B,UHC Reported,Staff,28-Aug-20,1
B,UHC Reported,Student,28-Aug-20,7
B,UHC Reported,Student,29-Aug-20,7
B,UHC Reported,Staff,30-Aug-20,3
B,UHC Reported,Student,30-Aug-20,1
B,UHC Reported,Staff,30-Aug-20,5
B,UHC Reported,Student,30-Aug-20,3
B,UHC Reported,Faculty,30-Aug-20,2
B,UHC Reported,Student,30-Aug-20,16
B,UHC Reported,Faculty,30-Aug-20,4
B,UHC Reported,Staff,30-Aug-20,3
B,UHC Reported,Student,30-Aug-20,5
B,UHC Reported,Student,30-Aug-20,10
B,UHC Reported,Staff,31-Aug-20,9
B,UHC Reported,Staff,31-Aug-20,7
B,UHC Reported,Student,31-Aug-20,60
B,UHC Reported,Staff,1-Sep-20,10
B,UHC Reported,Student,1-Sep-20,29
B,UHC Reported,Faculty,2-Sep-20,2
B,UHC Reported,Staff,2-Sep-20,2
B,UHC Reported,Student,2-Sep-20,28
B,UHC Reported,Student,3-Sep-20,2
B,UHC Reported,Faculty,3-Sep-20,2
B,UHC Reported,Staff,3-Sep-20,6
B,UHC Reported,Student,3-Sep-20,44
B,UHC Reported,Faculty,4-Sep-20,2
B,UHC Reported,Student,4-Sep-20,41
B,UHC Reported,Faculty,5-Sep-20,2
B,UHC Reported,Staff,5-Sep-20,1
B,UHC Reported,Student,5-Sep-20,32
B,UHC Reported,Staff,6-Sep-20,1
B,UHC Reported,Student,6-Sep-20,12
B,UHC Reported,Student,7-Sep-20,29
B,UHC Reported,Student,8-Sep-20,3
B,UHC Reported,Faculty,8-Sep-20,1
B,UHC Reported,Student,8-Sep-20,99
B,UHC Reported,Student,9-Sep-20,73
B,UHC Reported,Student,10-Sep-20,53
B,UHC Reported,Student,11-Sep-20,1
B,UHC Reported,Student,11-Sep-20,48
B,UHC Reported,Student,12-Sep-20,17
B,UHC Reported,Student,13-Sep-20,1
B,UHC Reported,Student,13-Sep-20,23
B,UHC Reported,Student,14-Sep-20,30
B,UHC Reported,Student,15-Sep-20,53
B,UHC Reported,Staff,16-Sep-20,2
B,UHC Reported,Student,16-Sep-20,47
B,UHC Reported,Student,17-Sep-20,20
B,UHC Reported,Staff,18-Sep-20,2
B,UHC Reported,Student,18-Sep-20,23
B,UHC Reported,Student,19-Sep-20,18
B,UHC Reported,Student,20-Sep-20,14
B,UHC Reported,Staff,21-Sep-20,2
B,UHC Reported,Student,21-Sep-20,23
B,UHC Reported,Student,22-Sep-20,29
B,UHC Reported,Staff,23-Sep-20,1
B,UHC Reported,Student,23-Sep-20,39
B,UHC Reported,Staff,24-Sep-20,3
B,UHC Reported,Student,24-Sep-20,29
B,UHC Reported,Staff,25-Sep-20,3
B,UHC Reported,Student,25-Sep-20,16
B,UHC Reported,Student,26-Sep-20,10
B,UHC Reported,Student,27-Sep-20,1
B,UHC Reported,Student,27-Sep-20,12
B,UHC Reported,Staff,28-Sep-20,1
B,UHC Reported,Student,28-Sep-20,46
B,UHC Reported,Staff,29-Sep-20,2
B,UHC Reported,Student,29-Sep-20,38
B,UHC Reported,Staff,30-Sep-20,1
B,UHC Reported,Student,30-Sep-20,14
B,UHC Reported,Student,1-Oct-20,1
B,UHC Reported,Student,1-Oct-20,26
B,UHC Reported,Student,2-Oct-20,20
B,UHC Reported,Student,3-Oct-20,6
B,UHC Reported,Student,4-Oct-20,5
B,UHC Reported,Staff,5-Oct-20,2
B,UHC Reported,Student,5-Oct-20,12
B,UHC Reported,Student,6-Oct-20,13
B,UHC Reported,Student,7-Oct-20,12
B,UHC Reported,Staff,8-Oct-20,1
B,UHC Reported,Student,8-Oct-20,8
B,UHC Reported,Staff,9-Oct-20,3
B,UHC Reported,Student,9-Oct-20,5
B,UHC Reported,Staff,10-Oct-20,2
B,UHC Reported,Student,10-Oct-20,2
B,UHC Reported,Student,11-Oct-20,1
B,UHC Reported,Student,12-Oct-20,8
B,UHC Reported,Student,13-Oct-20,1
B,UHC Reported,Student,13-Oct-20,7
B,UHC Reported,Staff,14-Oct-20,2
B,UHC Reported,Student,14-Oct-20,5
B,UHC Reported,Staff,15-Oct-20,1
B,UHC Reported,Student,15-Oct-20,2
B,UHC Reported,Student,16-Oct-20,1
B,UHC Reported,Student,17-Oct-20,2
B,UHC Reported,Staff,18-Oct-20,4
B,UHC Reported,Student,18-Oct-20,1
B,UHC Reported,Student,19-Oct-20,3
B,UHC Reported,Staff,20-Oct-20,7
B,UHC Reported,Student,20-Oct-20,4
B,UHC Reported,Student,21-Oct-20,2
B,UHC Reported,Student,22-Oct-20,4
B,UHC Reported,Staff,23-Oct-20,12
B,UHC Reported,Student,23-Oct-20,6
B,UHC Reported,Student,24-Oct-20,3
B,UHC Reported,Student,25-Oct-20,2
B,UHC Reported,Student,26-Oct-20,3
B,UHC Reported,Staff,27-Oct-20,2
B,UHC Reported,Student,27-Oct-20,8
B,UHC Reported,Faculty,28-Oct-20,2
B,UHC Reported,Student,28-Oct-20,2
B,UHC Reported,Staff,29-Oct-20,5
B,UHC Reported,Student,29-Oct-20,2
B,UHC Reported,Staff,30-Oct-20,2
B,UHC Reported,Student,30-Oct-20,4
B,UHC Reported,Staff,31-Oct-20,1
B,UHC Reported,Student,1-Nov-20,2
B,UHC Reported,Student,1-Nov-20,5
B,UHC Reported,Staff,2-Nov-20,5
B,UHC Reported,Student,2-Nov-20,5
B,UHC Reported,Student,3-Nov-20,9
B,UHC Reported,Student,4-Nov-20,1
B,UHC Reported,Staff,4-Nov-20,3
B,UHC Reported,Student,4-Nov-20,3
B,UHC Reported,Faculty,5-Nov-20,2
B,UHC Reported,Faculty,5-Nov-20,3
B,UHC Reported,Staff,5-Nov-20,3
B,UHC Reported,Student,5-Nov-20,6
B,UHC Reported,Staff,6-Nov-20,3
B,UHC Reported,Faculty,6-Nov-20,4
B,UHC Reported,Staff,6-Nov-20,4
B,UHC Reported,Student,6-Nov-20,5
B,UHC Reported,Student,7-Nov-20,7
B,UHC Reported,Student,8-Nov-20,1
B,UHC Reported,Staff,9-Nov-20,12
B,UHC Reported,Student,9-Nov-20,11
B,UHC Reported,Staff,10-Nov-20,1
B,UHC Reported,Student,10-Nov-20,15
B,UHC Reported,Student,11-Nov-20,1
B,UHC Reported,Faculty,11-Nov-20,1
B,UHC Reported,Staff,11-Nov-20,4
B,UHC Reported,Student,11-Nov-20,6
B,UHC Reported,Staff,12-Nov-20,5
B,UHC Reported,Faculty,12-Nov-20,2
B,UHC Reported,Staff,12-Nov-20,4
B,UHC Reported,Student,12-Nov-20,20
B,UHC Reported,Student,13-Nov-20,1
B,UHC Reported,Student,13-Nov-20,9
B,UHC Reported,Staff,14-Nov-20,4
B,UHC Reported,Student,14-Nov-20,1
B,UHC Reported,Staff,14-Nov-20,3
B,UHC Reported,Student,14-Nov-20,4
B,UHC Reported,Staff,15-Nov-20,4
B,UHC Reported,Faculty,15-Nov-20,3
B,UHC Reported,Staff,15-Nov-20,5
B,UHC Reported,Student,15-Nov-20,5
B,UHC Reported,Student,16-Nov-20,1
B,UHC Reported,Staff,16-Nov-20,5
B,UHC Reported,Student,16-Nov-20,5
B,UHC Reported,Staff,17-Nov-20,3
B,UHC Reported,Student,17-Nov-20,10
B,UHC Reported,Student,18-Nov-20,2
B,UHC Reported,Faculty,18-Nov-20,1
B,UHC Reported,Student,18-Nov-20,12
B,UHC Reported,Staff,19-Nov-20,3
B,UHC Reported,Student,19-Nov-20,1
B,UHC Reported,Staff,19-Nov-20,15
B,UHC Reported,Student,19-Nov-20,6
B,UHC Reported,Faculty,20-Nov-20,1
B,UHC Reported,Student,20-Nov-20,3
B,UHC Reported,Staff,21-Nov-20,3
B,UHC Reported,Student,21-Nov-20,3
B,UHC Reported,Student,22-Nov-20,1
B,UHC Reported,Staff,22-Nov-20,3
B,UHC Reported,Student,22-Nov-20,2
B,UHC Reported,Staff,23-Nov-20,5
B,UHC Reported,Student,23-Nov-20,1
B,UHC Reported,Staff,23-Nov-20,5
B,UHC Reported,Student,23-Nov-20,6
B,UHC Reported,Faculty,24-Nov-20,1
B,UHC Reported,Staff,24-Nov-20,8
B,UHC Reported,Student,24-Nov-20,1
B,UHC Reported,Staff,24-Nov-20,6
B,UHC Reported,Student,24-Nov-20,6
B,UHC Reported,Student,25-Nov-20,1
B,UHC Reported,Staff,25-Nov-20,2
B,UHC Reported,Student,25-Nov-20,1
B,UHC Reported,Faculty,27-Nov-20,2
B,UHC Reported,Student,27-Nov-20,1
B,UHC Reported,Faculty,27-Nov-20,2
B,UHC Reported,Staff,27-Nov-20,4
B,UHC Reported,Student,27-Nov-20,1
B,UHC Reported,Staff,28-Nov-20,1
B,UHC Reported,Student,29-Nov-20,1
B,UHC Reported,Student,29-Nov-20,3
B,UHC Reported,Staff,30-Nov-20,1
B,UHC Reported,Student,30-Nov-20,1
B,UHC Reported,Staff,1-Dec-20,6
B,UHC Reported,Staff,1-Dec-20,6
B,UHC Reported,Student,1-Dec-20,9
B,UHC Reported,Student,2-Dec-20,3
B,UHC Reported,Faculty,2-Dec-20,3
B,UHC Reported,Staff,2-Dec-20,4
B,UHC Reported,Student,2-Dec-20,4
B,UHC Reported,Student,3-Dec-20,1
B,UHC Reported,Staff,3-Dec-20,4
B,UHC Reported,Student,3-Dec-20,10
B,UHC Reported,Student,4-Dec-20,1
B,UHC Reported,Staff,4-Dec-20,1
B,UHC Reported,Student,4-Dec-20,7
B,UHC Reported,Student,5-Dec-20,4
B,UHC Reported,Student,6-Dec-20,2
B,UHC Reported,Student,6-Dec-20,1
B,UHC Reported,Staff,7-Dec-20,7
B,UHC Reported,Student,7-Dec-20,2
B,UHC Reported,Staff,8-Dec-20,10
B,UHC Reported,Student,8-Dec-20,7
B,UHC Reported,Staff,9-Dec-20,2
B,UHC Reported,Student,9-Dec-20,2
B,UHC Reported,Staff,9-Dec-20,5
B,UHC Reported,Student,9-Dec-20,6
B,UHC Reported,Student,10-Dec-20,1
B,UHC Reported,Faculty,10-Dec-20,1
B,UHC Reported,Staff,10-Dec-20,12
B,UHC Reported,Student,10-Dec-20,19
B,UHC Reported,Student,11-Dec-20,1
B,UHC Reported,Staff,12-Dec-20,3
B,UHC Reported,Student,12-Dec-20,2
B,UHC Reported,Staff,13-Dec-20,2
B,UHC Reported,Student,13-Dec-20,4
B,UHC Reported,Faculty,14-Dec-20,1
B,UHC Reported,Staff,14-Dec-20,2
B,UHC Reported,Student,14-Dec-20,6
B,UHC Reported,Student,15-Dec-20,1
B,UHC Reported,Faculty,15-Dec-20,1
B,UHC Reported,Staff,15-Dec-20,10
B,UHC Reported,Student,15-Dec-20,8
B,UHC Reported,Student,16-Dec-20,1
B,UHC Reported,Faculty,16-Dec-20,2
B,UHC Reported,Student,16-Dec-20,4
B,UHC Reported,Student,17-Dec-20,1
B,UHC Reported,Faculty,17-Dec-20,3
B,UHC Reported,Staff,17-Dec-20,4
B,UHC Reported,Student,17-Dec-20,17
B,UHC Reported,Staff,18-Dec-20,1
B,UHC Reported,Student,18-Dec-20,1
B,UHC Reported,Staff,19-Dec-20,1
B,UHC Reported,Student,19-Dec-20,3
B,UHC Reported,Student,20-Dec-20,1
B,UHC Reported,Student,20-Dec-20,2
B,UHC Reported,Student,21-Dec-20,2
B,UHC Reported,Staff,21-Dec-20,2
B,UHC Reported,Student,21-Dec-20,9
B,UHC Reported,Staff,22-Dec-20,1
B,UHC Reported,Student,22-Dec-20,5
B,UHC Reported,Staff,22-Dec-20,1
B,UHC Reported,Student,22-Dec-20,3
B,UHC Reported,Staff,23-Dec-20,2
B,UHC Reported,Student,23-Dec-20,4
B,UHC Reported,Staff,23-Dec-20,4
B,UHC Reported,Student,23-Dec-20,1
B,UHC Reported,Student,24-Dec-20,1
B,UHC Reported,Student,24-Dec-20,1
B,UHC Reported,Staff,25-Dec-20,2
B,UHC Reported,Student,25-Dec-20,2
B,UHC Reported,Staff,25-Dec-20,2
B,UHC Reported,Student,25-Dec-20,1
B,UHC Reported,Student,26-Dec-20,5
B,UHC Reported,Faculty,26-Dec-20,1
B,UHC Reported,Student,26-Dec-20,2
B,UHC Reported,Student,27-Dec-20,1
B,UHC Reported,Student,28-Dec-20,6
B,UHC Reported,Faculty,28-Dec-20,5
B,UHC Reported,Staff,28-Dec-20,3
B,UHC Reported,Student,28-Dec-20,2
B,UHC Reported,Student,29-Dec-20,4
B,UHC Reported,Staff,29-Dec-20,3
B,UHC Reported,Student,29-Dec-20,4
B,UHC Reported,Staff,30-Dec-20,3
B,UHC Reported,Student,30-Dec-20,4
B,UHC Reported,Staff,30-Dec-20,3
B,UHC Reported,Student,30-Dec-20,4
B,UHC Reported,Staff,31-Dec-20,2
B,UHC Reported,Student,31-Dec-20,1
B,UHC Reported,Student,1-Jan-21,2
B,UHC Reported,Student,1-Jan-21,2
B,UHC Reported,Student,2-Jan-21,3
B,UHC Reported,Staff,2-Jan-21,4
B,UHC Reported,Student,2-Jan-21,3
B,UHC Reported,Faculty,3-Jan-21,4
B,UHC Reported,Student,3-Jan-21,2
B,UHC Reported,Faculty,3-Jan-21,4
B,UHC Reported,Staff,3-Jan-21,2
B,UHC Reported,Student,3-Jan-21,9
B,UHC Reported,Student,4-Jan-21,4
B,UHC Reported,Staff,4-Jan-21,3
B,UHC Reported,Student,4-Jan-21,7
B,UHC Reported,Staff,5-Jan-21,7
B,UHC Reported,Student,5-Jan-21,6
B,UHC Reported,Faculty,5-Jan-21,1
B,UHC Reported,Staff,5-Jan-21,12
B,UHC Reported,Student,5-Jan-21,16
B,UHC Reported,Faculty,6-Jan-21,2
B,UHC Reported,Staff,6-Jan-21,2
B,UHC Reported,Student,6-Jan-21,4
B,UHC Reported,Staff,6-Jan-21,2
B,UHC Reported,Student,6-Jan-21,4
B,UHC Reported,Staff,7-Jan-21,1
B,UHC Reported,Student,7-Jan-21,6
B,UHC Reported,Staff,7-Jan-21,11
B,UHC Reported,Student,7-Jan-21,10
B,UHC Reported,Staff,8-Jan-21,2
B,UHC Reported,Student,8-Jan-21,3
B,UHC Reported,Staff,8-Jan-21,4
B,UHC Reported,Student,8-Jan-21,4
B,UHC Reported,Staff,9-Jan-21,1
B,UHC Reported,Staff,10-Jan-21,2
B,UHC Reported,Staff,10-Jan-21,1
B,UHC Reported,Student,10-Jan-21,2
B,UHC Reported,Staff,11-Jan-21,3
B,UHC Reported,Student,11-Jan-21,2
B,UHC Reported,Staff,11-Jan-21,4
B,UHC Reported,Student,11-Jan-21,2
B,UHC Reported,Staff,12-Jan-21,6
B,UHC Reported,Student,12-Jan-21,3
B,UHC Reported,Faculty,12-Jan-21,1
B,UHC Reported,Staff,12-Jan-21,10
B,UHC Reported,Student,12-Jan-21,11
B,UHC Reported,Staff,13-Jan-21,2
B,UHC Reported,Student,13-Jan-21,1
B,UHC Reported,Staff,13-Jan-21,2
B,UHC Reported,Student,13-Jan-21,2
B,UHC Reported,Student,14-Jan-21,5
B,UHC Reported,Staff,14-Jan-21,7
B,UHC Reported,Student,14-Jan-21,13
B,UHC Reported,Staff,15-Jan-21,1
B,UHC Reported,Student,15-Jan-21,6
B,UHC Reported,Staff,15-Jan-21,2
B,UHC Reported,Student,15-Jan-21,5
B,UHC Reported,Student,16-Jan-21,3
B,UHC Reported,Student,16-Jan-21,3
B,UHC Reported,Faculty,17-Jan-21,1
B,UHC Reported,Student,17-Jan-21,1
B,UHC Reported,Student,18-Jan-21,3
B,UHC Reported,Student,18-Jan-21,3
B,UHC Reported,Staff,19-Jan-21,7
B,UHC Reported,Student,19-Jan-21,11
B,UHC Reported,Faculty,19-Jan-21,1
B,UHC Reported,Staff,19-Jan-21,4
B,UHC Reported,Student,19-Jan-21,6
B,UHC Reported,Student,20-Jan-21,5
B,UHC Reported,Student,20-Jan-21,1
B,UHC Reported,Staff,21-Jan-21,19
B,UHC Reported,Student,21-Jan-21,14
B,UHC Reported,Staff,22-Jan-21,5
B,UHC Reported,Student,22-Jan-21,6
B,UHC Reported,Student,22-Jan-21,1
B,UHC Reported,Staff,23-Jan-21,3
B,UHC Reported,Student,23-Jan-21,1
B,UHC Reported,Student,24-Jan-21,2
B,UHC Reported,Staff,25-Jan-21,3
B,UHC Reported,Student,25-Jan-21,5
B,UHC Reported,Student,25-Jan-21,2
B,UHC Reported,Staff,26-Jan-21,5
B,UHC Reported,Student,26-Jan-21,10
B,UHC Reported,Staff,26-Jan-21,2
B,UHC Reported,Staff,27-Jan-21,2
B,UHC Reported,Student,27-Jan-21,2
B,UHC Reported,Student,27-Jan-21,3
B,UHC Reported,Student,28-Jan-21,2
B,UHC Reported,Staff,28-Jan-21,2
B,UHC Reported,Student,28-Jan-21,6
B,UHC Reported,Faculty,29-Jan-21,1
B,UHC Reported,Student,29-Jan-21,6
B,UHC Reported,Student,30-Jan-21,2
B,UHC Reported,Staff,30-Jan-21,1
B,UHC Reported,Student,30-Jan-21,2
B,UHC Reported,Staff,31-Jan-21,1
B,UHC Reported,Student,1-Feb-21,1
B,UHC Reported,Student,1-Feb-21,1
B,UHC Reported,Faculty,2-Feb-21,1
B,UHC Reported,Staff,2-Feb-21,6
B,UHC Reported,Student,2-Feb-21,20
B,UHC Reported,Student,2-Feb-21,4
B,UHC Reported,Staff,3-Feb-21,1
B,UHC Reported,Student,3-Feb-21,9
B,UHC Reported,Student,3-Feb-21,10
B,UHC Reported,Faculty,4-Feb-21,3
B,UHC Reported,Staff,4-Feb-21,34
B,UHC Reported,Student,4-Feb-21,12
B,UHC Reported,Student,5-Feb-21,10
B,UHC Reported,Staff,6-Feb-21,2
B,UHC Reported,Student,6-Feb-21,10
B,UHC Reported,Student,7-Feb-21,1
B,UHC Reported,Faculty,8-Feb-21,6
B,UHC Reported,Staff,8-Feb-21,4
B,UHC Reported,Student,8-Feb-21,11
B,UHC Reported,Staff,9-Feb-21,6
B,UHC Reported,Student,9-Feb-21,5
B,UHC Reported,Faculty,10-Feb-21,1
B,UHC Reported,Student,10-Feb-21,13
B,UHC Reported,Staff,11-Feb-21,3
B,UHC Reported,Student,11-Feb-21,16
B,UHC Reported,Faculty,12-Feb-21,1
B,UHC Reported,Student,12-Feb-21,4
B,UHC Reported,Student,13-Feb-21,2
B,UHC Reported,Student,14-Feb-21,9
B,UHC Reported,Staff,15-Feb-21,1
B,UHC Reported,Student,15-Feb-21,22
B,UHC Reported,Faculty,16-Feb-21,1
B,UHC Reported,Staff,16-Feb-21,7
B,UHC Reported,Student,16-Feb-21,69
B,UHC Reported,Staff,17-Feb-21,3
B,UHC Reported,Student,17-Feb-21,94
B,UHC Reported,Student,18-Feb-21,21
B,UHC Reported,Staff,19-Feb-21,3
B,UHC Reported,Student,19-Feb-21,108
B,UHC Reported,Staff,20-Feb-21,1
B,UHC Reported,Student,20-Feb-21,41
B,UHC Reported,Faculty,21-Feb-21,1
B,UHC Reported,Student,21-Feb-21,24
B,UHC Reported,Student,22-Feb-21,44
B,UHC Reported,Student,23-Feb-21,53
B,UHC Reported,Staff,24-Feb-21,1
B,UHC Reported,Student,24-Feb-21,39
B,UHC Reported,Staff,25-Feb-21,6
B,UHC Reported,Student,25-Feb-21,45
B,UHC Reported,Faculty,26-Feb-21,1
B,UHC Reported,Student,26-Feb-21,14
B,UHC Reported,Student,27-Feb-21,6
B,UHC Reported,Faculty,28-Feb-21,1
B,UHC Reported,Student,28-Feb-21,6
B,UHC Reported,Student,1-Mar-21,15
B,UHC Reported,Student,2-Mar-21,24
B,UHC Reported,Staff,3-Mar-21,6
B,UHC Reported,Student,3-Mar-21,24
B,UHC Reported,Staff,4-Mar-21,3
B,UHC Reported,Student,4-Mar-21,31
B,UHC Reported,Student,5-Mar-21,8
B,UHC Reported,Student,6-Mar-21,1
B,UHC Reported,Student,7-Mar-21,2
B,UHC Reported,Faculty,8-Mar-21,1
B,UHC Reported,Staff,8-Mar-21,2
B,UHC Reported,Student,8-Mar-21,6
B,UHC Reported,Staff,9-Mar-21,5
B,UHC Reported,Student,9-Mar-21,11
B,UHC Reported,Staff,10-Mar-21,4
B,UHC Reported,Student,10-Mar-21,6
B,UHC Reported,Staff,11-Mar-21,2
B,UHC Reported,Student,11-Mar-21,8
B,UHC Reported,Student,12-Mar-21,8
B,UHC Reported,Student,13-Mar-21,1
B,UHC Reported,Student,14-Mar-21,2
B,UHC Reported,Faculty,15-Mar-21,1
B,UHC Reported,Student,15-Mar-21,2
B,UHC Reported,Student,16-Mar-21,7
B,UHC Reported,Student,17-Mar-21,6
B,UHC Reported,Student,18-Mar-21,11
B,UHC Reported,Staff,19-Mar-21,1
B,UHC Reported,Student,19-Mar-21,14
B,UHC Reported,Student,20-Mar-21,10
B,UHC Reported,Student,21-Mar-21,5
B,UHC Reported,Staff,22-Mar-21,3
B,UHC Reported,Student,22-Mar-21,7
B,UHC Reported,Staff,23-Mar-21,3
B,UHC Reported,Student,23-Mar-21,23
B,UHC Reported,Faculty,24-Mar-21,2
B,UHC Reported,Staff,24-Mar-21,2
B,UHC Reported,Student,24-Mar-21,11
B,UHC Reported,Faculty,25-Mar-21,1
B,UHC Reported,Staff,25-Mar-21,2
B,UHC Reported,Student,25-Mar-21,5
B,UHC Reported,Faculty,26-Mar-21,1
B,UHC Reported,Student,26-Mar-21,1
B,UHC Reported,Staff,27-Mar-21,3
B,UHC Reported,Student,27-Mar-21,1
B,UHC Reported,Staff,28-Mar-21,2
B,UHC Reported,Student,28-Mar-21,2
B,UHC Reported,Staff,29-Mar-21,1
B,UHC Reported,Student,29-Mar-21,3
B,UHC Reported,Staff,30-Mar-21,2
B,UHC Reported,Student,30-Mar-21,13
B,UHC Reported,Staff,31-Mar-21,2
B,UHC Reported,Student,31-Mar-21,10
B,UHC Reported,Staff,1-Apr-21,5
B,UHC Reported,Student,1-Apr-21,4
B,UHC Reported,Staff,2-Apr-21,8
B,UHC Reported,Student,2-Apr-21,3
B,UHC Reported,Staff,3-Apr-21,2
B,UHC Reported,Student,3-Apr-21,6
B,UHC Reported,Staff,4-Apr-21,4
B,UHC Reported,Faculty,5-Apr-21,2
B,UHC Reported,Staff,5-Apr-21,2
B,UHC Reported,Student,5-Apr-21,3
B,UHC Reported,Staff,6-Apr-21,3
B,UHC Reported,Student,6-Apr-21,6
B,UHC Reported,Staff,7-Apr-21,8
B,UHC Reported,Student,7-Apr-21,4
B,UHC Reported,Staff,8-Apr-21,3
B,UHC Reported,Student,8-Apr-21,3
B,UHC Reported,Student,9-Apr-21,4
B,UHC Reported,Student,10-Apr-21,1
B,UHC Reported,Staff,11-Apr-21,2
B,UHC Reported,Staff,12-Apr-21,2
B,UHC Reported,Student,12-Apr-21,2
B,UHC Reported,Staff,13-Apr-21,5
B,UHC Reported,Student,13-Apr-21,5
B,UHC Reported,Student,14-Apr-21,1
B,UHC Reported,Student,15-Apr-21,3
B,UHC Reported,Student,16-Apr-21,2
B,UHC Reported,Student,17-Apr-21,1
B,UHC Reported,Student,18-Apr-21,2
B,UHC Reported,Faculty,20-Apr-21,2
B,UHC Reported,Staff,20-Apr-21,8
B,UHC Reported,Student,20-Apr-21,6
B,UHC Reported,Staff,21-Apr-21,5
B,UHC Reported,Student,21-Apr-21,4
B,UHC Reported,Student,22-Apr-21,2
B,UHC Reported,Student,23-Apr-21,1
B,UHC Reported,Faculty,25-Apr-21,3
B,UHC Reported,Staff,25-Apr-21,18
B,UHC Reported,Student,27-Apr-21,1
B,UHC Reported,Student,28-Apr-21,3
B,UHC Reported,Staff,29-Apr-21,2
B,UHC Reported,Student,3-May-21,1
B,UHC Reported,Staff,12-May-21,1
B,UHC Reported,Staff,15-May-21,1
B,UHC Reported,Staff,18-May-21,4
B,UHC Reported,Student,22-May-21,1
B,UHC Reported,Staff,21-Jun-21,2
B,UHC Reported,Staff,22-Jun-21,4
B,UHC Reported,Student,30-Jun-21,2
B,UHC Reported,Student,4-Jul-21,1
B,UHC Reported,Staff,13-Jul-21,2
B,UHC Reported,Staff,14-Jul-21,4
B,UHC Reported,Staff,21-Jul-21,3
B,UHC Reported,Student,21-Jul-21,1
B,UHC Reported,Staff,25-Jul-21,2
B,UHC Reported,Student,27-Jul-21,1
B,UHC Reported,Staff,29-Jul-21,1
B,UHC Reported,Student,30-Jul-21,1
B,UHC Reported,Student,1-Aug-21,1
B,UHC Reported,Staff,2-Aug-21,2
B,UHC Reported,Student,2-Aug-21,2
B,UHC Reported,Staff,3-Aug-21,1
B,UHC Reported,Staff,5-Aug-21,3
B,UHC Reported,Student,5-Aug-21,2
B,UHC Reported,Student,6-Aug-21,1
B,UHC Reported,Faculty,7-Aug-21,2
B,UHC Reported,Student,7-Aug-21,1
B,UHC Reported,Staff,8-Aug-21,4
B,UHC Reported,Staff,9-Aug-21,8
B,UHC Reported,Student,9-Aug-21,4
B,UHC Reported,Student,10-Aug-21,2
B,UHC Reported,Faculty,11-Aug-21,2
B,UHC Reported,Staff,11-Aug-21,2
B,UHC Reported,Faculty,12-Aug-21,3
B,UHC Reported,Staff,12-Aug-21,6
B,UHC Reported,Student,12-Aug-21,1
B,UHC Reported,Staff,13-Aug-21,1
B,UHC Reported,Student,14-Aug-21,1
B,UHC Reported,Faculty,15-Aug-21,2
B,UHC Reported,Student,16-Aug-21,2
B,UHC Reported,Staff,17-Aug-21,1
B,UHC Reported,Student,17-Aug-21,1
B,UHC Reported,Staff,19-Aug-21,9
B,UHC Reported,Student,19-Aug-21,3
B,UHC Reported,Faculty,20-Aug-21,1
B,UHC Reported,Student,20-Aug-21,1
B,UHC Reported,Faculty,21-Aug-21,2
B,UHC Reported,Staff,21-Aug-21,2
B,UHC Reported,Staff,22-Aug-21,2
B,UHC Reported,Student,22-Aug-21,2
B,UHC Reported,Student,23-Aug-21,4
B,UHC Reported,Staff,24-Aug-21,1
B,UHC Reported,Student,24-Aug-21,2
B,UHC Reported,Faculty,25-Aug-21,3
B,UHC Reported,Staff,25-Aug-21,1
B,UHC Reported,Student,25-Aug-21,1
B,UHC Reported,Staff,26-Aug-21,1
B,UHC Reported,Student,26-Aug-21,9
B,UHC Reported,Student,27-Aug-21,2
B,UHC Reported,Staff,28-Aug-21,2
B,UHC Reported,Student,28-Aug-21,4
B,UHC Reported,Staff,29-Aug-21,1
B,UHC Reported,Student,29-Aug-21,6
B,UHC Reported,Staff,30-Aug-21,5
B,UHC Reported,Student,30-Aug-21,5
B,UHC Reported,Staff,31-Aug-21,1
B,UHC Reported,Student,31-Aug-21,3
B,UHC Reported,Staff,1-Sep-21,1
B,UHC Reported,Student,2-Sep-21,7
B,UHC Reported,Staff,3-Sep-21,3
B,UHC Reported,Student,3-Sep-21,6
B,UHC Reported,Student,4-Sep-21,1
B,UHC Reported,Staff,5-Sep-21,2
B,UHC Reported,Student,6-Sep-21,4
B,UHC Reported,Faculty,7-Sep-21,2
B,UHC Reported,Staff,7-Sep-21,2
B,UHC Reported,Student,7-Sep-21,17
B,UHC Reported,Staff,8-Sep-21,1
B,UHC Reported,Student,8-Sep-21,11
B,UHC Reported,Staff,9-Sep-21,1
B,UHC Reported,Student,9-Sep-21,23
B,UHC Reported,Staff,10-Sep-21,7
B,UHC Reported,Student,10-Sep-21,15
B,UHC Reported,Staff,11-Sep-21,2
B,UHC Reported,Student,11-Sep-21,4
B,UHC Reported,Staff,12-Sep-21,1
B,UHC Reported,Student,12-Sep-21,4
B,UHC Reported,Student,13-Sep-21,41
B,UHC Reported,Staff,14-Sep-21,6
B,UHC Reported,Student,14-Sep-21,26
B,UHC Reported,Staff,15-Sep-21,1
B,UHC Reported,Student,15-Sep-21,20
B,UHC Reported,Faculty,16-Sep-21,1
B,UHC Reported,Staff,16-Sep-21,6
B,UHC Reported,Student,16-Sep-21,9
B,UHC Reported,Faculty,17-Sep-21,3
B,UHC Reported,Student,17-Sep-21,11
B,UHC Reported,Student,18-Sep-21,2
B,UHC Reported,Faculty,19-Sep-21,2
B,UHC Reported,Staff,19-Sep-21,2
B,UHC Reported,Student,19-Sep-21,4
B,UHC Reported,Staff,20-Sep-21,4
B,UHC Reported,Student,20-Sep-21,11
B,UHC Reported,Staff,21-Sep-21,2
B,UHC Reported,Student,21-Sep-21,6
B,UHC Reported,Staff,22-Sep-21,4
B,UHC Reported,Student,22-Sep-21,8
B,UHC Reported,Staff,23-Sep-21,3
B,UHC Reported,Student,23-Sep-21,5
B,UHC Reported,Staff,24-Sep-21,1
B,UHC Reported,Student,24-Sep-21,6
B,UHC Reported,Student,25-Sep-21,3
B,UHC Reported,Student,26-Sep-21,2
B,UHC Reported,Student,27-Sep-21,8
B,UHC Reported,Staff,28-Sep-21,4
B,UHC Reported,Student,28-Sep-21,2
B,UHC Reported,Faculty,29-Sep-21,2
B,UHC Reported,Staff,29-Sep-21,3
B,UHC Reported,Student,29-Sep-21,5
B,UHC Reported,Staff,30-Sep-21,4
B,UHC Reported,Student,30-Sep-21,7
B,UHC Reported,Faculty,1-Oct-21,2
B,UHC Reported,Staff,1-Oct-21,7
B,UHC Reported,Student,1-Oct-21,6
B,UHC Reported,Staff,2-Oct-21,5
B,UHC Reported,Student,2-Oct-21,3
B,UHC Reported,Faculty,3-Oct-21,1
B,UHC Reported,Student,3-Oct-21,1
B,UHC Reported,Staff,4-Oct-21,2
B,UHC Reported,Student,4-Oct-21,7
B,UHC Reported,Faculty,5-Oct-21,1
B,UHC Reported,Staff,5-Oct-21,2
B,UHC Reported,Student,5-Oct-21,2
B,UHC Reported,Student,6-Oct-21,6
B,UHC Reported,Faculty,7-Oct-21,1
B,UHC Reported,Staff,7-Oct-21,3
B,UHC Reported,Student,7-Oct-21,9
B,UHC Reported,Student,8-Oct-21,4
B,UHC Reported,Student,9-Oct-21,1
B,UHC Reported,Staff,10-Oct-21,2
B,UHC Reported,Student,10-Oct-21,1
B,UHC Reported,Faculty,11-Oct-21,1
B,UHC Reported,Staff,11-Oct-21,1
B,UHC Reported,Student,11-Oct-21,3
B,UHC Reported,Staff,12-Oct-21,4
B,UHC Reported,Staff,13-Oct-21,1
B,UHC Reported,Student,13-Oct-21,4
B,UHC Reported,Staff,14-Oct-21,2
B,UHC Reported,Student,14-Oct-21,2
B,UHC Reported,Student,15-Oct-21,4
B,UHC Reported,Student,16-Oct-21,1
B,UHC Reported,Faculty,18-Oct-21,1
B,UHC Reported,Student,18-Oct-21,5
B,UHC Reported,Staff,19-Oct-21,2
B,UHC Reported,Student,19-Oct-21,1
B,UHC Reported,Staff,20-Oct-21,4
B,UHC Reported,Student,20-Oct-21,8
B,UHC Reported,Student,21-Oct-21,4
B,UHC Reported,Staff,22-Oct-21,1
B,UHC Reported,Student,22-Oct-21,1
B,UHC Reported,Student,25-Oct-21,2
B,UHC Reported,Student,26-Oct-21,3
B,UHC Reported,Student,27-Oct-21,2
B,UHC Reported,Staff,28-Oct-21,4
B,UHC Reported,Student,28-Oct-21,1
B,UHC Reported,Student,29-Oct-21,3
B,UHC Reported,Student,1-Nov-21,1
B,UHC Reported,Staff,2-Nov-21,1
B,UHC Reported,Student,2-Nov-21,5
B,UHC Reported,Student,3-Nov-21,5
B,UHC Reported,Student,4-Nov-21,6
B,UHC Reported,Faculty,5-Nov-21,2
B,UHC Reported,Student,5-Nov-21,4
B,UHC Reported,Staff,6-Nov-21,2
B,UHC Reported,Faculty,7-Nov-21,1
B,UHC Reported,Student,7-Nov-21,1
B,UHC Reported,Student,8-Nov-21,7
B,UHC Reported,Student,9-Nov-21,5
B,UHC Reported,Staff,10-Nov-21,4
B,UHC Reported,Student,10-Nov-21,4
B,UHC Reported,Student,11-Nov-21,2
B,UHC Reported,Student,12-Nov-21,1
B,UHC Reported,Student,15-Nov-21,5
B,UHC Reported,Student,16-Nov-21,7
B,UHC Reported,Staff,17-Nov-21,4
B,UHC Reported,Student,17-Nov-21,1
B,UHC Reported,Staff,18-Nov-21,1
B,UHC Reported,Student,18-Nov-21,9
B,UHC Reported,Student,19-Nov-21,4
B,UHC Reported,Staff,22-Nov-21,3
B,UHC Reported,Student,22-Nov-21,1
B,UHC Reported,Student,23-Nov-21,4
B,UHC Reported,Staff,29-Nov-21,9
B,UHC Reported,Student,29-Nov-21,7
B,UHC Reported,Student,30-Nov-21,11
B,UHC Reported,Staff,1-Dec-21,2
B,UHC Reported,Student,1-Dec-21,12
B,UHC Reported,Faculty,2-Dec-21,4
B,UHC Reported,Staff,2-Dec-21,3
B,UHC Reported,Student,2-Dec-21,12
B,UHC Reported,Student,3-Dec-21,5
B,UHC Reported,Staff,4-Dec-21,2
B,UHC Reported,Staff,5-Dec-21,2
B,UHC Reported,Staff,6-Dec-21,2
B,UHC Reported,Student,6-Dec-21,16
B,UHC Reported,Student,7-Dec-21,11
B,UHC Reported,Staff,8-Dec-21,6
B,UHC Reported,Student,8-Dec-21,22
B,UHC Reported,Staff,9-Dec-21,6
B,UHC Reported,Student,9-Dec-21,18
B,UHC Reported,Student,10-Dec-21,13
B,UHC Reported,Faculty,13-Dec-21,2
B,UHC Reported,Staff,13-Dec-21,6
B,UHC Reported,Student,13-Dec-21,28
B,UHC Reported,Staff,14-Dec-21,2
B,UHC Reported,Student,14-Dec-21,36
B,UHC Reported,Staff,15-Dec-21,12
B,UHC Reported,Student,15-Dec-21,78
B,UHC Reported,Faculty,16-Dec-21,1
B,UHC Reported,Staff,16-Dec-21,20
B,UHC Reported,Student,16-Dec-21,148
B,UHC Reported,Faculty,17-Dec-21,1
B,UHC Reported,Staff,17-Dec-21,2
B,UHC Reported,Student,17-Dec-21,126
B,UHC Reported,Student,18-Dec-21,23
B,UHC Reported,Staff,19-Dec-21,2
B,UHC Reported,Student,19-Dec-21,2
B,UHC Reported,Faculty,20-Dec-21,8
B,UHC Reported,Staff,20-Dec-21,46
B,UHC Reported,Student,20-Dec-21,154
B,UHC Reported,Staff,21-Dec-21,27
B,UHC Reported,Student,21-Dec-21,106
B,UHC Reported,Faculty,22-Dec-21,8
B,UHC Reported,Staff,22-Dec-21,6
B,UHC Reported,Student,22-Dec-21,55
B,UHC Reported,Staff,23-Dec-21,1
B,UHC Reported,Student,23-Dec-21,8
B,UHC Reported,Staff,24-Dec-21,6
B,UHC Reported,Student,24-Dec-21,4
B,UHC Reported,Staff,25-Dec-21,1
B,UHC Reported,Student,25-Dec-21,4
B,UHC Reported,Staff,26-Dec-21,4
B,UHC Reported,Student,26-Dec-21,8
B,UHC Reported,Faculty,27-Dec-21,3
B,UHC Reported,Staff,27-Dec-21,9
B,UHC Reported,Student,27-Dec-21,18
B,UHC Reported,Faculty,28-Dec-21,3
B,UHC Reported,Staff,28-Dec-21,3
B,UHC Reported,Student,28-Dec-21,7
B,UHC Reported,Faculty,29-Dec-21,5
B,UHC Reported,Staff,29-Dec-21,7
B,UHC Reported,Student,29-Dec-21,9
B,UHC Reported,Faculty,30-Dec-21,1
B,UHC Reported,Student,30-Dec-21,7
B,UHC Reported,Faculty,31-Dec-21,2
B,UHC Reported,Staff,31-Dec-21,11
B,UHC Reported,Student,31-Dec-21,6
B,UHC Reported,Staff,1-Jan-22,2
B,UHC Reported,Student,1-Jan-22,5
B,UHC Reported,Staff,2-Jan-22,8
B,UHC Reported,Student,2-Jan-22,7
B,UHC Reported,Faculty,3-Jan-22,2
B,UHC Reported,Staff,3-Jan-22,4
B,UHC Reported,Student,3-Jan-22,10
B,UHC Reported,Faculty,4-Jan-22,14
B,UHC Reported,Staff,4-Jan-22,52
B,UHC Reported,Student,4-Jan-22,55
B,UHC Reported,Faculty,5-Jan-22,7
B,UHC Reported,Staff,5-Jan-22,67
B,UHC Reported,Student,5-Jan-22,45
B,UHC Reported,Faculty,6-Jan-22,13
B,UHC Reported,Staff,6-Jan-22,112
B,UHC Reported,Student,6-Jan-22,75
B,UHC Reported,Faculty,7-Jan-22,6
B,UHC Reported,Staff,7-Jan-22,19
B,UHC Reported,Student,7-Jan-22,29
B,UHC Reported,Faculty,8-Jan-22,1
B,UHC Reported,Staff,8-Jan-22,2
B,UHC Reported,Student,8-Jan-22,9
B,UHC Reported,Staff,9-Jan-22,3
B,UHC Reported,Student,9-Jan-22,3
B,UHC Reported,Faculty,10-Jan-22,10
B,UHC Reported,Staff,10-Jan-22,33
B,UHC Reported,Student,10-Jan-22,41
B,UHC Reported,Faculty,11-Jan-22,5
B,UHC Reported,Staff,11-Jan-22,9
B,UHC Reported,Student,11-Jan-22,18
B,UHC Reported,Staff,12-Jan-22,14
B,UHC Reported,Student,12-Jan-22,12
B,UHC Reported,Faculty,13-Jan-22,4
B,UHC Reported,Staff,13-Jan-22,24
B,UHC Reported,Student,13-Jan-22,19
B,UHC Reported,Staff,14-Jan-22,20
B,UHC Reported,Student,14-Jan-22,11
B,UHC Reported,Faculty,15-Jan-22,6
B,UHC Reported,Staff,15-Jan-22,6
B,UHC Reported,Student,15-Jan-22,11
B,UHC Reported,Faculty,16-Jan-22,2
B,UHC Reported,Staff,16-Jan-22,4
B,UHC Reported,Student,16-Jan-22,3
B,UHC Reported,Faculty,17-Jan-22,1
B,UHC Reported,Staff,17-Jan-22,7
B,UHC Reported,Student,17-Jan-22,9
B,UHC Reported,Faculty,18-Jan-22,5
B,UHC Reported,Staff,18-Jan-22,20
B,UHC Reported,Student,18-Jan-22,11
B,UHC Reported,Faculty,19-Jan-22,2
B,UHC Reported,Staff,19-Jan-22,9
B,UHC Reported,Student,19-Jan-22,25
B,UHC Reported,Faculty,20-Jan-22,4
B,UHC Reported,Staff,20-Jan-22,13
B,UHC Reported,Student,20-Jan-22,19
B,UHC Reported,Staff,21-Jan-22,10
B,UHC Reported,Student,21-Jan-22,24
B,UHC Reported,Staff,22-Jan-22,6
B,UHC Reported,Student,22-Jan-22,24
B,UHC Reported,Faculty,23-Jan-22,20
B,UHC Reported,Staff,23-Jan-22,23
B,UHC Reported,Student,23-Jan-22,23
B,UHC Reported,Faculty,24-Jan-22,5
B,UHC Reported,Staff,24-Jan-22,18
B,UHC Reported,Student,24-Jan-22,19
B,UHC Reported,Faculty,25-Jan-22,1
B,UHC Reported,Staff,25-Jan-22,4
B,UHC Reported,Student,25-Jan-22,9
B,UHC Reported,Faculty,26-Jan-22,2
B,UHC Reported,Staff,26-Jan-22,6
B,UHC Reported,Student,26-Jan-22,8
B,UHC Reported,Faculty,27-Jan-22,1
B,UHC Reported,Staff,27-Jan-22,9
B,UHC Reported,Student,27-Jan-22,13
B,UHC Reported,Staff,28-Jan-22,8
B,UHC Reported,Student,28-Jan-22,9
B,UHC Reported,Faculty,29-Jan-22,2
B,UHC Reported,Student,29-Jan-22,7
B,UHC Reported,Faculty,30-Jan-22,2
B,UHC Reported,Staff,30-Jan-22,5
B,UHC Reported,Student,30-Jan-22,11
B,UHC Reported,Faculty,31-Jan-22,5
B,UHC Reported,Staff,31-Jan-22,4
B,UHC Reported,Student,31-Jan-22,30
B,UHC Reported,Staff,1-Feb-22,6
B,UHC Reported,Student,1-Feb-22,27
B,UHC Reported,Staff,2-Feb-22,2
B,UHC Reported,Student,2-Feb-22,22
B,UHC Reported,Faculty,3-Feb-22,2
B,UHC Reported,Staff,3-Feb-22,2
B,UHC Reported,Student,3-Feb-22,15
B,UHC Reported,Faculty,4-Feb-22,2
B,UHC Reported,Staff,4-Feb-22,2
B,UHC Reported,Student,4-Feb-22,22
B,UHC Reported,Staff,5-Feb-22,4
B,UHC Reported,Student,5-Feb-22,5
B,UHC Reported,Staff,6-Feb-22,3
B,UHC Reported,Student,6-Feb-22,7
B,UHC Reported,Staff,7-Feb-22,4
B,UHC Reported,Student,7-Feb-22,11
B,UHC Reported,Staff,8-Feb-22,8
B,UHC Reported,Student,8-Feb-22,21
B,UHC Reported,Faculty,9-Feb-22,1
B,UHC Reported,Staff,9-Feb-22,2
B,UHC Reported,Student,9-Feb-22,15
B,UHC Reported,Staff,10-Feb-22,7
B,UHC Reported,Student,10-Feb-22,17
B,UHC Reported,Faculty,11-Feb-22,1
B,UHC Reported,Staff,11-Feb-22,2
B,UHC Reported,Student,11-Feb-22,21
B,UHC Reported,Student,12-Feb-22,30
B,UHC Reported,Faculty,13-Feb-22,1
B,UHC Reported,Staff,13-Feb-22,2
B,UHC Reported,Student,13-Feb-22,25
B,UHC Reported,Staff,14-Feb-22,6
B,UHC Reported,Student,14-Feb-22,70
B,UHC Reported,Staff,15-Feb-22,3
B,UHC Reported,Student,15-Feb-22,66
B,UHC Reported,Staff,16-Feb-22,3
B,UHC Reported,Student,16-Feb-22,71
B,UHC Reported,Staff,17-Feb-22,12
B,UHC Reported,Student,17-Feb-22,67
B,UHC Reported,Faculty,18-Feb-22,2
B,UHC Reported,Staff,18-Feb-22,3
B,UHC Reported,Student,18-Feb-22,38
B,UHC Reported,Faculty,19-Feb-22,1
B,UHC Reported,Student,19-Feb-22,19
B,UHC Reported,Faculty,20-Feb-22,1
B,UHC Reported,Student,20-Feb-22,18
B,UHC Reported,Staff,21-Feb-22,2
B,UHC Reported,Student,21-Feb-22,41
B,UHC Reported,Faculty,22-Feb-22,1
B,UHC Reported,Staff,22-Feb-22,4
B,UHC Reported,Student,22-Feb-22,29
B,UHC Reported,Faculty,23-Feb-22,1
B,UHC Reported,Staff,23-Feb-22,3
B,UHC Reported,Student,23-Feb-22,20
B,UHC Reported,Staff,24-Feb-22,2
B,UHC Reported,Student,24-Feb-22,14
B,UHC Reported,Faculty,25-Feb-22,1
B,UHC Reported,Staff,25-Feb-22,6
B,UHC Reported,Student,25-Feb-22,11
B,UHC Reported,Student,26-Feb-22,5
B,UHC Reported,Staff,27-Feb-22,1
B,UHC Reported,Student,27-Feb-22,7
B,UHC Reported,Staff,28-Feb-22,6
B,UHC Reported,Student,28-Feb-22,14
B,UHC Reported,Staff,1-Mar-22,6
B,UHC Reported,Student,1-Mar-22,12
B,UHC Reported,Student,2-Mar-22,16
B,UHC Reported,Faculty,3-Mar-22,3
B,UHC Reported,Student,3-Mar-22,8
B,UHC Reported,Student,4-Mar-22,4
B,UHC Reported,Staff,5-Mar-22,3
B,UHC Reported,Student,5-Mar-22,1
B,UHC Reported,Faculty,6-Mar-22,1
B,UHC Reported,Student,6-Mar-22,3
B,UHC Reported,Staff,7-Mar-22,3
B,UHC Reported,Student,7-Mar-22,12
B,UHC Reported,Faculty,8-Mar-22,2
B,UHC Reported,Staff,8-Mar-22,1
B,UHC Reported,Student,8-Mar-22,15
B,UHC Reported,Staff,9-Mar-22,1
B,UHC Reported,Student,9-Mar-22,7
B,UHC Reported,Faculty,10-Mar-22,3
B,UHC Reported,Staff,10-Mar-22,2
B,UHC Reported,Student,10-Mar-22,5
B,UHC Reported,Staff,11-Mar-22,1
B,UHC Reported,Student,11-Mar-22,5
B,UHC Reported,Faculty,12-Mar-22,2
B,UHC Reported,Student,12-Mar-22,1
B,UHC Reported,Faculty,13-Mar-22,2
B,UHC Reported,Student,13-Mar-22,3
B,UHC Reported,Staff,14-Mar-22,1
B,UHC Reported,Faculty,15-Mar-22,2
B,UHC Reported,Staff,15-Mar-22,1
B,UHC Reported,Student,15-Mar-22,3
B,UHC Reported,Faculty,16-Mar-22,1
B,UHC Reported,Staff,16-Mar-22,2
B,UHC Reported,Student,16-Mar-22,5
B,UHC Reported,Staff,17-Mar-22,3
B,UHC Reported,Student,17-Mar-22,3
B,UHC Reported,Staff,18-Mar-22,3
B,UHC Reported,Student,18-Mar-22,4
B,UHC Reported,Student,19-Mar-22,2
B,UHC Reported,Staff,20-Mar-22,2
B,UHC Reported,Staff,22-Mar-22,2
B,UHC Reported,Student,22-Mar-22,1
B,UHC Reported,Faculty,23-Mar-22,3
B,UHC Reported,Staff,23-Mar-22,1
B,UHC Reported,Student,23-Mar-22,1
B,UHC Reported,Faculty,24-Mar-22,1
B,UHC Reported,Staff,24-Mar-22,2
B,UHC Reported,Student,24-Mar-22,2
B,UHC Reported,Student,25-Mar-22,3
B,UHC Reported,Staff,26-Mar-22,2
B,UHC Reported,Student,26-Mar-22,2
B,UHC Reported,Staff,27-Mar-22,5
B,UHC Reported,Student,27-Mar-22,5
B,UHC Reported,Faculty,28-Mar-22,4
B,UHC Reported,Staff,28-Mar-22,3
B,UHC Reported,Student,28-Mar-22,1
B,UHC Reported,Staff,29-Mar-22,1
B,UHC Reported,Student,29-Mar-22,4
B,UHC Reported,Faculty,30-Mar-22,1
B,UHC Reported,Staff,30-Mar-22,5
B,UHC Reported,Student,30-Mar-22,9
B,UHC Reported,Faculty,31-Mar-22,3
B,UHC Reported,Student,31-Mar-22,5
B,UHC Reported,Faculty,1-Apr-22,1
B,UHC Reported,Staff,1-Apr-22,1
B,UHC Reported,Student,1-Apr-22,2
B,UHC Reported,Faculty,2-Apr-22,3
B,UHC Reported,Student,3-Apr-22,6
B,UHC Reported,Staff,4-Apr-22,5
B,UHC Reported,Student,4-Apr-22,4
B,UHC Reported,Faculty,5-Apr-22,2
B,UHC Reported,Staff,5-Apr-22,1
B,UHC Reported,Student,5-Apr-22,6
B,UHC Reported,Faculty,6-Apr-22,3
B,UHC Reported,Staff,6-Apr-22,1
B,UHC Reported,Student,6-Apr-22,5
B,UHC Reported,Faculty,7-Apr-22,2
B,UHC Reported,Staff,7-Apr-22,5
B,UHC Reported,Student,7-Apr-22,7
B,UHC Reported,Faculty,8-Apr-22,1
B,UHC Reported,Staff,8-Apr-22,1
B,UHC Reported,Student,8-Apr-22,7
B,UHC Reported,Faculty,9-Apr-22,1
B,UHC Reported,Student,9-Apr-22,8
B,UHC Reported,Faculty,10-Apr-22,1
B,UHC Reported,Staff,10-Apr-22,3
B,UHC Reported,Student,10-Apr-22,7
B,UHC Reported,Faculty,11-Apr-22,2
B,UHC Reported,Staff,11-Apr-22,3
B,UHC Reported,Student,11-Apr-22,8
B,UHC Reported,Faculty,12-Apr-22,5
B,UHC Reported,Staff,12-Apr-22,9
B,UHC Reported,Student,12-Apr-22,15
B,UHC Reported,Faculty,13-Apr-22,1
B,UHC Reported,Staff,13-Apr-22,1
B,UHC Reported,Student,13-Apr-22,12
B,UHC Reported,Staff,14-Apr-22,5
B,UHC Reported,Student,14-Apr-22,12
B,UHC Reported,Faculty,15-Apr-22,3
B,UHC Reported,Staff,15-Apr-22,1
B,UHC Reported,Student,15-Apr-22,8
B,UHC Reported,Staff,16-Apr-22,1
B,UHC Reported,Student,16-Apr-22,4
B,UHC Reported,Staff,17-Apr-22,8
B,UHC Reported,Student,17-Apr-22,10
B,UHC Reported,Staff,18-Apr-22,6
B,UHC Reported,Student,18-Apr-22,14
B,UHC Reported,Staff,19-Apr-22,6
B,UHC Reported,Student,19-Apr-22,13
B,UHC Reported,Faculty,20-Apr-22,2
B,UHC Reported,Staff,20-Apr-22,3
B,UHC Reported,Student,20-Apr-22,10
B,UHC Reported,Faculty,21-Apr-22,2
B,UHC Reported,Staff,21-Apr-22,2
B,UHC Reported,Student,21-Apr-22,13
B,UHC Reported,Staff,22-Apr-22,1
B,UHC Reported,Student,22-Apr-22,4
B,UHC Reported,Staff,23-Apr-22,1
B,UHC Reported,Student,23-Apr-22,1
B,UHC Reported,Staff,24-Apr-22,1
B,UHC Reported,Student,24-Apr-22,2
B,UHC Reported,Staff,25-Apr-22,1
B,UHC Reported,Student,25-Apr-22,2
B,UHC Reported,Faculty,26-Apr-22,1
B,UHC Reported,Student,26-Apr-22,5
B,UHC Reported,Staff,27-Apr-22,5
B,UHC Reported,Student,27-Apr-22,4
B,UHC Reported,Staff,28-Apr-22,2
B,UHC Reported,Student,28-Apr-22,6
B,UHC Reported,Staff,29-Apr-22,4
B,UHC Reported,Student,29-Apr-22,6
B,UHC Reported,Faculty,30-Apr-22,3
B,UHC Reported,Staff,30-Apr-22,2
B,UHC Reported,Faculty,1-May-22,1
B,UHC Reported,Staff,1-May-22,4
B,UHC Reported,Student,1-May-22,3
B,UHC Reported,Faculty,2-May-22,1
B,UHC Reported,Student,2-May-22,6
B,UHC Reported,Staff,3-May-22,6
B,UHC Reported,Student,3-May-22,7
B,UHC Reported,Faculty,4-May-22,4
B,UHC Reported,Staff,4-May-22,5
B,UHC Reported,Student,4-May-22,4
B,UHC Reported,Faculty,5-May-22,4
B,UHC Reported,Staff,5-May-22,4
B,UHC Reported,Student,5-May-22,3
B,UHC Reported,Staff,6-May-22,7
B,UHC Reported,Student,6-May-22,4
B,UHC Reported,Staff,7-May-22,5
B,UHC Reported,Student,7-May-22,4
B,UHC Reported,Student,8-May-22,7
B,UHC Reported,Staff,9-May-22,5
B,UHC Reported,Student,9-May-22,11
B,UHC Reported,Staff,10-May-22,2
B,UHC Reported,Student,10-May-22,14
B,UHC Reported,Faculty,11-May-22,2
B,UHC Reported,Staff,11-May-22,13
B,UHC Reported,Student,11-May-22,11
B,UHC Reported,Faculty,12-May-22,2
B,UHC Reported,Staff,12-May-22,10
B,UHC Reported,Student,12-May-22,18
B,UHC Reported,Staff,13-May-22,1
B,UHC Reported,Student,13-May-22,10
B,UHC Reported,Faculty,14-May-22,6
B,UHC Reported,Staff,14-May-22,3
B,UHC Reported,Student,14-May-22,6
B,UHC Reported,Faculty,15-May-22,3
B,UHC Reported,Staff,15-May-22,4
B,UHC Reported,Student,15-May-22,2
B,UHC Reported,Faculty,16-May-22,1
B,UHC Reported,Staff,16-May-22,8
B,UHC Reported,Student,16-May-22,9
B,UHC Reported,Staff,17-May-22,2
B,UHC Reported,Student,17-May-22,3
B,UHC Reported,Faculty,18-May-22,4
B,UHC Reported,Staff,18-May-22,5
B,UHC Reported,Student,18-May-22,4
B,UHC Reported,Faculty,19-May-22,3
B,UHC Reported,Staff,19-May-22,2
B,UHC Reported,Student,19-May-22,5
B,UHC Reported,Staff,20-May-22,5
B,UHC Reported,Student,20-May-22,1
B,UHC Reported,Staff,21-May-22,5
B,UHC Reported,Student,21-May-22,1
B,UHC Reported,Staff,22-May-22,10
B,UHC Reported,Student,22-May-22,1
B,UHC Reported,Faculty,23-May-22,4
B,UHC Reported,Staff,23-May-22,11
B,UHC Reported,Student,23-May-22,1
B,UHC Reported,Staff,24-May-22,6
B,UHC Reported,Student,24-May-22,1
B,UHC Reported,Staff,25-May-22,10
B,UHC Reported,Student,25-May-22,1
B,UHC Reported,Faculty,26-May-22,1
B,UHC Reported,Staff,26-May-22,12
B,UHC Reported,Student,26-May-22,2
B,UHC Reported,Staff,27-May-22,4
B,UHC Reported,Student,27-May-22,2
B,UHC Reported,Staff,28-May-22,5
B,UHC Reported,Student,28-May-22,1
B,UHC Reported,Faculty,29-May-22,1
B,UHC Reported,Staff,29-May-22,8
B,UHC Reported,Student,29-May-22,1
B,UHC Reported,Staff,30-May-22,9
B,UHC Reported,Student,30-May-22,1
B,UHC Reported,Faculty,31-May-22,5
B,UHC Reported,Staff,31-May-22,7
B,UHC Reported,Student,31-May-22,1
B,UHC Reported,Faculty,1-Jun-22,1
B,UHC Reported,Staff,1-Jun-22,6
B,UHC Reported,Student,1-Jun-22,2
B,UHC Reported,Faculty,2-Jun-22,1
B,UHC Reported,Staff,2-Jun-22,2
B,UHC Reported,Student,2-Jun-22,2
B,UHC Reported,Staff,3-Jun-22,7
B,UHC Reported,Faculty,4-Jun-22,2
B,UHC Reported,Staff,4-Jun-22,5
B,UHC Reported,Staff,5-Jun-22,3
B,UHC Reported,Faculty,6-Jun-22,5
B,UHC Reported,Staff,6-Jun-22,2
B,UHC Reported,Student,6-Jun-22,1
B,UHC Reported,Staff,7-Jun-22,3
B,UHC Reported,Staff,8-Jun-22,7
B,UHC Reported,Faculty,9-Jun-22,2
B,UHC Reported,Staff,9-Jun-22,7
B,UHC Reported,Faculty,10-Jun-22,4
B,UHC Reported,Staff,10-Jun-22,2
B,UHC Reported,Student,10-Jun-22,1
B,UHC Reported,Faculty,11-Jun-22,6
B,UHC Reported,Staff,11-Jun-22,3
B,UHC Reported,Student,11-Jun-22,1
B,UHC Reported,Staff,12-Jun-22,5
B,UHC Reported,Faculty,13-Jun-22,1
B,UHC Reported,Staff,13-Jun-22,7
B,UHC Reported,Faculty,14-Jun-22,5
B,UHC Reported,Staff,14-Jun-22,6
B,UHC Reported,Student,14-Jun-22,1
B,UHC Reported,Staff,15-Jun-22,11
B,UHC Reported,Student,15-Jun-22,2
B,UHC Reported,Faculty,16-Jun-22,1
B,UHC Reported,Staff,16-Jun-22,3
B,UHC Reported,Student,16-Jun-22,1
B,UHC Reported,Faculty,17-Jun-22,2
B,UHC Reported,Staff,17-Jun-22,1
B,UHC Reported,Faculty,18-Jun-22,2
B,UHC Reported,Staff,18-Jun-22,3
B,UHC Reported,Student,18-Jun-22,1
B,UHC Reported,Staff,19-Jun-22,4
B,UHC Reported,Student,19-Jun-22,1
B,UHC Reported,Staff,20-Jun-22,2
B,UHC Reported,Student,20-Jun-22,2
B,UHC Reported,Staff,21-Jun-22,7
B,UHC Reported,Student,21-Jun-22,1
B,UHC Reported,Faculty,22-Jun-22,1
B,UHC Reported,Staff,22-Jun-22,11
B,UHC Reported,Student,22-Jun-22,1
B,UHC Reported,Staff,23-Jun-22,6
B,UHC Reported,Student,23-Jun-22,3
B,UHC Reported,Faculty,24-Jun-22,1
B,UHC Reported,Staff,24-Jun-22,3
B,UHC Reported,Student,24-Jun-22,2
B,UHC Reported,Faculty,25-Jun-22,1
B,UHC Reported,Staff,25-Jun-22,4
B,UHC Reported,Student,25-Jun-22,1
B,UHC Reported,Faculty,26-Jun-22,5
B,UHC Reported,Staff,26-Jun-22,2
B,UHC Reported,Staff,27-Jun-22,2
B,UHC Reported,Faculty,28-Jun-22,1
B,UHC Reported,Staff,28-Jun-22,3
B,UHC Reported,Student,28-Jun-22,2
B,UHC Reported,Faculty,29-Jun-22,1
B,UHC Reported,Staff,29-Jun-22,1
B,UHC Reported,Staff,30-Jun-22,7
B,UHC Reported,Staff,1-Jul-22,1
B,UHC Reported,Student,1-Jul-22,1
B,UHC Reported,Staff,2-Jul-22,3
B,UHC Reported,Faculty,3-Jul-22,1
B,UHC Reported,Staff,3-Jul-22,1
B,UHC Reported,Staff,4-Jul-22,3
B,UHC Reported,Staff,5-Jul-22,2
B,UHC Reported,Student,6-Jul-22,1
B,UHC Reported,Staff,15-Jul-22,1
B,UHC Reported,Student,20-Jul-22,1
B,UHC Reported,Faculty,2-Aug-22,3
B,UHC Reported,Staff,3-Aug-22,1
B,UHC Reported,Staff,7-Aug-22,2
B,UHC Reported,Student,11-Aug-22,1
B,UHC Reported,Staff,18-Aug-22,1
B,UHC Reported,Staff,19-Aug-22,2
B,UHC Reported,Student,22-Aug-22,1
B,UHC Reported,Staff,24-Aug-22,3
B,UHC Reported,Student,29-Aug-22,1
B,UHC Reported,Student,31-Aug-22,1
B,UHC Reported,Student,1-Sep-22,1
B,UHC Reported,Student,2-Sep-22,2
B,UHC Reported,Student,6-Sep-22,1
B,UHC Reported,Student,12-Sep-22,1
B,UHC Reported,Student,13-Sep-22,1
B,UHC Reported,Student,14-Sep-22,1
B,UHC Reported,Student,15-Sep-22,4
,Self Reported,,15-Sep-22,
,Self Reported,,17-Sep-22,
,Self Reported,,18-Sep-22,
,Self Reported,,19-Sep-22,
,UHC Reported,Student,20-Sep-22,1
,Self Reported,,20-Sep-22,
,Self Reported,,21-Sep-22,
,Self Reported,,22-Sep-22,
,Self Reported,,23-Sep-22,
,UHC Reported,Student,23-Sep-22,1
,Self Reported,,24-Sep-22,
,Self Reported,,25-Sep-22,
,Self Reported,,26-Sep-22,
,Self Reported,,27-Sep-22,
,Self Reported,,28-Sep-22,
