role,date,count
Student,4/30/20,1
Student,5/15/20,1
Student,5/26/20,1
Student,5/29/20,1
Student,6/20/20,1
Student,6/26/20,1
Student,7/1/20,1
Student,7/2/20,1
Staff,7/8/20,1
Student,7/10/20,1
Staff,7/14/20,1
Student,7/15/20,2
Faculty,7/16/20,1
Faculty,7/17/20,1
Staff,7/19/20,1
Student,7/21/20,1
Student,7/23/20,1
Student,7/24/20,1
Student,7/26/20,1
Faculty,7/26/20,2
Staff,7/27/20,1
Student,7/28/20,1
Student,7/30/20,1
Student,8/1/20,2
Student,8/3/20,1
Staff,8/4/20,1
Faculty,8/7/20,30
Student,8/7/20,221
Staff,8/7/20,64
Staff,8/8/20,1
Student,8/10/20,1
Student,8/17/20,1
Student,8/18/20,2
Faculty,8/18/20,1
Staff,8/18/20,1
Faculty,8/19/20,1
Student,8/20/20,2
Staff,8/20/20,1
Student,8/21/20,1
Student,8/22/20,1
Student,8/23/20,1
Student,8/24/20,2
Staff,8/25/20,5
Student,8/26/20,3
Staff,8/26/20,2
Staff,8/28/20,1
Student,8/28/20,7
Student,8/29/20,7
Staff,8/30/20,4
Faculty,8/30/20,2
Student,8/30/20,34
Student,8/31/20,59
Staff,8/31/20,7
Student,9/1/20,1
Student,9/1/20,29
Staff,9/1/20,5
Student,9/2/20,28
Staff,9/2/20,1
Faculty,9/2/20,1
Faculty,9/3/20,1
Staff,9/3/20,3
Student,9/3/20,45
Faculty,9/4/20,1
Student,9/4/20,35
Student,9/5/20,32
Faculty,9/5/20,1
Staff,9/5/20,1
Student,9/6/20,1
Staff,9/6/20,1
Student,9/6/20,12
Student,9/7/20,29
Student,9/8/20,1
Student,9/8/20,95
Faculty,9/8/20,1
Student,9/9/20,68
Student,9/10/20,2
Student,9/10/20,51
Student,9/11/20,47
Student,9/12/20,17
Student,9/13/20,24
Student,9/14/20,30
Student,9/15/20,49
Staff,9/16/20,1
Student,9/16/20,41
Student,9/17/20,18
Staff,9/18/20,2
Student,9/18/20,22
Student,9/19/20,1
Student,9/19/20,18
Student,9/20/20,14
Student,9/21/20,22
Staff,9/21/20,1
Student,9/22/20,29
Student,9/23/20,38
Staff,9/23/20,1
Staff,9/24/20,2
Student,9/24/20,29
Student,9/25/20,16
Staff,9/25/20,1
Student,9/26/20,10
Student,9/27/20,13
Student,9/28/20,45
Staff,9/28/20,1
Student,9/29/20,36
Staff,9/29/20,1
Student,9/30/20,13
Staff,9/30/20,1
Student,10/1/20,26
Student,10/2/20,20
Student,10/3/20,5
Student,10/4/20,5
Student,10/5/20,11
Staff,10/5/20,1
Student,10/6/20,11
Student,10/7/20,11
Staff,10/8/20,1
Student,10/8/20,8
Student,10/9/20,5
Staff,10/9/20,1
Staff,10/10/20,1
Student,10/10/20,2
Student,10/11/20,1
Student,10/12/20,8
Student,10/13/20,8
Staff,10/14/20,1
Student,10/14/20,5
Student,10/15/20,1
Staff,10/15/20,1
Student,10/16/20,1
Student,10/17/20,2
Staff,10/18/20,2
Student,10/18/20,1
Student,10/19/20,3
Student,10/20/20,4
Staff,10/20/20,2
Student,10/21/20,2
Student,10/22/20,4
Student,10/23/20,5
Staff,10/23/20,4
Student,10/24/20,3
Student,10/25/20,2
Student,10/26/20,3
Student,10/27/20,6
Staff,10/27/20,1
Student,10/28/20,2
Faculty,10/28/20,1
Student,10/29/20,2
Staff,10/29/20,3
Student,10/30/20,4
Staff,10/30/20,1
Staff,10/31/20,1
Student,11/1/20,7
Staff,11/2/20,3
Student,11/2/20,5
Student,11/3/20,9
Student,11/4/20,4
Staff,11/4/20,1
Student,11/5/20,5
Staff,11/5/20,2
Faculty,11/5/20,3
Student,11/6/20,1
Staff,11/6/20,3
Student,11/6/20,5
Faculty,11/6/20,1
Student,11/7/20,7
Student,11/8/20,1
Student,11/9/20,11
Staff,11/9/20,3
Student,11/10/20,15
Staff,11/10/20,1
Faculty,11/11/20,1
Student,11/11/20,7
Staff,11/11/20,2
Student,11/12/20,18
Staff,11/12/20,4
Faculty,11/12/20,2
Student,11/13/20,9
Staff,11/14/20,2
Student,11/14/20,4
Staff,11/15/20,3
Faculty,11/15/20,1
Student,11/15/20,5
Student,11/16/20,6
Staff,11/16/20,3
Staff,11/17/20,2
Student,11/17/20,10
Student,11/18/20,14
Faculty,11/18/20,1
Student,11/19/20,7
Staff,11/19/20,7
Faculty,11/20/20,1
Student,11/20/20,3
Student,11/21/20,3
Staff,11/21/20,1
Staff,11/22/20,1
Student,11/22/20,3
Student,11/23/20,5
Staff,11/23/20,2
Student,11/24/20,7
Staff,11/24/20,4
Faculty,11/24/20,1
Staff,11/25/20,1
Staff,11/25/20,1
Student,11/25/20,2
Staff,11/27/20,3
Faculty,11/27/20,2
Student,11/27/20,2
Staff,11/28/20,1
Student,11/29/20,4
Student,11/30/20,1
Staff,11/30/20,1
Student,11/30/20,1
Student,12/1/20,9
Staff,12/1/20,5
Staff,12/2/20,1
Student,12/2/20,7
Faculty,12/2/20,1
Staff,12/2/20,2
Student,12/3/20,1
Student,12/3/20,10
Staff,12/3/20,3
Staff,12/4/20,1
Student,12/4/20,8
Student,12/5/20,4
Student,12/6/20,3
Student,12/7/20,2
Staff,12/7/20,4
Student,12/8/20,7
Staff,12/8/20,5
Student,12/9/20,1
Staff,12/9/20,5
Student,12/9/20,8
Staff,12/10/20,6
Student,12/10/20,18
Faculty,12/10/20,1
Student,12/11/20,1
Student,12/12/20,2
Staff,12/12/20,2
Staff,12/13/20,1
Student,12/13/20,4
Student,12/14/20,6
Faculty,12/14/20,1
Staff,12/14/20,1
Staff,12/15/20,6
Faculty,12/15/20,1
Student,12/15/20,9
Faculty,12/16/20,2
Student,12/16/20,5
Student,12/17/20,16
Faculty,12/17/20,3
Staff,12/17/20,3
Student,12/18/20,3
Student,12/18/20,1
Staff,12/18/20,1
Staff,12/19/20,1
Student,12/19/20,2
Student,12/20/20,3
Staff,12/21/20,2
Student,12/21/20,11
Staff,12/22/20,2
Student,12/22/20,5
Staff,12/22/20,2
Staff,12/23/20,3
Student,12/23/20,4
Student,12/24/20,2
Staff,12/25/20,2
Student,12/25/20,2
Faculty,12/26/20,1
Student,12/26/20,7
Student,12/27/20,1
Student,12/28/20,1
Staff,12/28/20,2
Student,12/28/20,8
Faculty,12/28/20,4
Student,12/29/20,8
Staff,12/29/20,2
Staff,12/30/20,2
Student,12/30/20,8
Staff,12/31/20,1
Student,12/31/20,1
Student,1/1/21,1
Student,1/1/21,4
Student,1/2/21,2
Student,1/2/21,6
Staff,1/2/21,3
Faculty,1/3/21,2
Staff,1/3/21,1
Student,1/3/21,11
Student,1/4/21,8
Staff,1/4/21,1
Student,1/5/21,1
Staff,1/5/21,10
Student,1/5/21,21
Faculty,1/5/21,1
Faculty,1/6/21,1
Student,1/6/21,8
Staff,1/6/21,3
Student,1/7/21,1
Staff,1/7/21,8
Student,1/7/21,12
Student,1/8/21,1
Student,1/8/21,7
Staff,1/8/21,4
Staff,1/9/21,1
Staff,1/10/21,2
Student,1/10/21,2
Student,1/11/21,2
Staff,1/11/21,3
Student,1/11/21,4
Faculty,1/12/21,1
Staff,1/12/21,9
Student,1/12/21,14
Student,1/13/21,3
Staff,1/13/21,3
Student,1/14/21,1
Staff,1/14/21,5
Student,1/14/21,13
Student,1/15/21,2
Staff,1/15/21,3
Student,1/15/21,11
Student,1/16/21,6
Student,1/17/21,1
Faculty,1/17/21,1
Student,1/17/21,1
Student,1/18/21,6
Staff,1/19/21,7
Faculty,1/19/21,1
Student,1/19/21,14
Student,1/20/21,1
Student,1/20/21,6
Staff,1/21/21,8
Student,1/21/21,14
Student,1/22/21,1
Student,1/22/21,7
Staff,1/22/21,2
Student,1/23/21,1
Staff,1/23/21,2
Student,1/24/21,2
Student,1/25/21,6
Staff,1/25/21,2
Staff,1/26/21,4
Student,1/26/21,10
Staff,1/27/21,2
Student,1/27/21,5
Staff,1/28/21,2
Student,1/28/21,8
Student,1/29/21,6
Faculty,1/29/21,1
Student,1/30/21,3
Staff,1/30/21,1
Staff,1/31/21,1
Student,2/1/21,1
Student,2/1/21,2
Student,2/2/21,18
Staff,2/2/21,4
Faculty,2/2/21,1
Student,2/3/21,18
Staff,2/3/21,1
Student,2/4/21,10
Faculty,2/4/21,1
Staff,2/4/21,15
Student,2/5/21,8
Student,2/6/21,8
Staff,2/6/21,2
Student,2/7/21,1
Student,2/7/21,1
Faculty,2/8/21,2
Staff,2/8/21,2
Student,2/8/21,11
Staff,2/9/21,4
Student,2/9/21,5
Faculty,2/10/21,1
Student,2/10/21,13
Student,2/11/21,14
Staff,2/11/21,2
Faculty,2/12/21,1
Student,2/12/21,4
Student,2/13/21,2
Student,2/14/21,9
Student,2/15/21,1
Student,2/15/21,20
Staff,2/15/21,1
Faculty,2/16/21,1
Student,2/16/21,60
Staff,2/16/21,4
Student,2/17/21,85
Staff,2/17/21,2
Student,2/18/21,19
Student,2/19/21,97
Staff,2/19/21,1
Staff,2/20/21,1
Student,2/20/21,35
Student,2/21/21,22
Faculty,2/21/21,1
Student,2/22/21,1
Student,2/22/21,39
Student,2/23/21,1
Student,2/23/21,49
Student,2/24/21,38
Staff,2/24/21,1
Student,2/25/21,43
Staff,2/25/21,4
Student,2/26/21,1
Student,2/26/21,13
Faculty,2/26/21,1
Student,2/27/21,6
Student,2/28/21,4
Faculty,2/28/21,1
Student,3/1/21,9
Student,3/2/21,24
Student,3/3/21,19
Staff,3/3/21,2
Staff,3/4/21,2
Student,3/4/21,29
Student,3/5/21,7
Student,3/6/21,1
Student,3/7/21,2
Faculty,3/8/21,1
Staff,3/8/21,1
Student,3/8/21,6
Staff,3/9/21,2
Student,3/9/21,7
Student,3/10/21,6
Staff,3/10/21,1
Student,3/11/21,8
Staff,3/11/21,1
Student,3/12/21,8
Student,3/13/21,1
Student,3/14/21,2
Faculty,3/15/21,1
Student,3/15/21,2
Student,3/16/21,5
Student,3/17/21,6
Student,3/18/21,1
Student,3/18/21,9
Student,3/19/21,9
Staff,3/19/21,1
Student,3/20/21,10
Student,3/21/21,5
Student,3/22/21,7
Staff,3/22/21,1
Student,3/23/21,1
Staff,3/23/21,1
Student,3/23/21,14
Staff,3/24/21,1
Faculty,3/24/21,1
Student,3/24/21,11
Staff,3/25/21,1
Student,3/25/21,5
Faculty,3/25/21,1
Faculty,3/26/21,1
Student,3/26/21,1
Student,3/27/21,1
Staff,3/27/21,2
Student,3/28/21,2
Staff,3/28/21,1
Staff,3/29/21,1
Student,3/29/21,3
Staff,3/30/21,1
Student,3/30/21,13
Student,3/31/21,1
Staff,3/31/21,1
Student,3/31/21,9
Student,4/1/21,1
Staff,4/1/21,2
Student,4/1/21,4
Student,4/2/21,3
Staff,4/2/21,2
Student,4/3/21,5
Staff,4/3/21,1
Staff,4/4/21,2
Student,4/5/21,3
Staff,4/5/21,1
Faculty,4/5/21,1
Staff,4/6/21,1
Student,4/6/21,6
Student,4/7/21,1
Student,4/7/21,4
Staff,4/7/21,3
Student,4/8/21,3
Staff,4/8/21,1
Student,4/9/21,1
Student,4/9/21,3
Staff,4/10/21,1
Student,4/10/21,1
Staff,4/11/21,1
Student,4/12/21,1
Staff,4/12/21,1
Student,4/12/21,2
Staff,4/13/21,2
Student,4/13/21,5
Student,4/14/21,1
Student,4/15/21,3
Student,4/16/21,2
Student,4/17/21,1
Student,4/18/21,2
Faculty,4/20/21,1
Staff,4/20/21,2
Student,4/20/21,3
Staff,4/21/21,3
Student,4/21/21,3
Student,4/22/21,1
Student,4/23/21,1
Faculty,4/25/21,1
Staff,4/25/21,5
Student,4/27/21,1
Student,4/28/21,3
Staff,4/29/21,1
Student,5/3/21,1
Student,5/5/21,1
Staff,5/12/21,1
Staff,5/15/21,1
Staff,5/18/21,1
Student,5/22/21,1
Student,5/27/21,1
Student,6/16/21,1
Staff,6/21/21,1
Staff,6/22/21,1
Student,6/30/21,2
Student,7/4/21,1
Student,7/12/21,1
Staff,7/13/21,1
Student,7/14/21,1
Staff,7/14/21,2
Staff,7/16/21,1
Student,7/18/21,1
Student,7/19/21,1
Staff,7/21/21,1
Student,7/21/21,1
Staff,7/25/21,1
Student,7/27/21,1
Staff,7/29/21,1
Student,7/30/21,1
Student,8/1/21,1
Staff,8/2/21,1
Student,8/2/21,2
Staff,8/3/21,1
Student,8/5/21,2
Staff,8/5/21,2
Student,8/6/21,1
Student,8/7/21,1
Faculty,8/7/21,1
Staff,8/8/21,1
Student,8/9/21,3
Staff,8/9/21,3
Student,8/10/21,2
Student,8/10/21,2
Staff,8/11/21,1
Faculty,8/11/21,1
Student,8/12/21,1
Staff,8/12/21,3
Faculty,8/12/21,1
Staff,8/13/21,1
Student,8/14/21,1
Student,8/14/21,1
Faculty,8/15/21,1
Student,8/16/21,2
Staff,8/17/21,1
Student,8/17/21,1
Student,8/19/21,1
Staff,8/19/21,4
Student,8/19/21,3
Student,8/20/21,1
Faculty,8/20/21,1
Student,8/20/21,1
Student,8/21/21,1
Faculty,8/21/21,2
Staff,8/21/21,1
Student,8/22/21,1
Student,8/22/21,2
Staff,8/22/21,1
Student,8/23/21,1
Student,8/23/21,4
Staff,8/24/21,1
Student,8/24/21,2
Faculty,8/25/21,1
Staff,8/25/21,1
Student,8/25/21,1
Student,8/26/21,9
Staff,8/26/21,1
Student,8/27/21,2
Student,8/28/21,4
Staff,8/28/21,2
Staff,8/29/21,1
Student,8/29/21,6
Student,8/30/21,1
Staff,8/30/21,2
Student,8/30/21,5
Student,8/31/21,1
Staff,8/31/21,1
Student,8/31/21,3
Student,9/1/21,2
Staff,9/1/21,1
Student,9/2/21,7
Staff,9/3/21,1
Student,9/3/21,6
Student,9/4/21,1
Staff,9/5/21,1
Student,9/6/21,1
Student,9/6/21,4
Staff,9/7/21,2
Student,9/7/21,15
Faculty,9/7/21,2
Student,9/8/21,1
Staff,9/8/21,1
Student,9/8/21,9
Student,9/9/21,23
Staff,9/9/21,1
Staff,9/10/21,2
Student,9/10/21,13
Student,9/11/21,4
Staff,9/11/21,1
Staff,9/12/21,1
Student,9/12/21,4
Student,9/13/21,36
Student,9/14/21,24
Staff,9/14/21,4
Student,9/15/21,17
Staff,9/15/21,1
Student,9/16/21,1
Faculty,9/16/21,1
Student,9/16/21,7
Staff,9/16/21,4
Student,9/17/21,1
Faculty,9/17/21,2
Student,9/17/21,11
Student,9/18/21,2
Faculty,9/19/21,1
Student,9/19/21,3
Staff,9/19/21,2
Student,9/20/21,1
Staff,9/20/21,4
Student,9/20/21,10
Student,9/21/21,6
Staff,9/21/21,1
Student,9/22/21,8
Staff,9/22/21,2
Staff,9/23/21,2
Student,9/23/21,5
Student,9/24/21,1
Student,9/24/21,6
Staff,9/24/21,1
Student,9/25/21,3
Student,9/26/21,2
Student,9/27/21,8
Staff,9/28/21,2
Student,9/28/21,2
Faculty,9/29/21,1
Student,9/29/21,5
Staff,9/29/21,1
Staff,9/30/21,2
Student,9/30/21,5
Student,10/1/21,4
Staff,10/1/21,3
Faculty,10/1/21,1
Student,10/2/21,3
Staff,10/2/21,2
Faculty,10/3/21,1
Student,10/3/21,1
Student,10/4/21,7
Staff,10/4/21,2
Staff,10/5/21,2
Faculty,10/5/21,1
Student,10/5/21,2
Student,10/6/21,2
Student,10/6/21,5
Faculty,10/7/21,1
Student,10/7/21,7
Staff,10/7/21,1
Student,10/8/21,4
Student,10/9/21,1
Staff,10/10/21,1
Student,10/10/21,1
Student,10/11/21,1
Faculty,10/11/21,1
Staff,10/11/21,1
Student,10/11/21,3
Staff,10/12/21,2
Student,10/13/21,1
Staff,10/13/21,1
Student,10/13/21,3
Student,10/14/21,2
Staff,10/14/21,1
Student,10/15/21,3
Student,10/16/21,1
Student,10/16/21,1
Faculty,10/18/21,1
Student,10/18/21,5
Student,10/19/21,1
Staff,10/19/21,1
Student,10/19/21,1
Student,10/20/21,1
Staff,10/20/21,2
Student,10/20/21,6
Student,10/21/21,3
Staff,10/22/21,1
Student,10/22/21,1
Student,10/25/21,2
Student,10/26/21,2
Student,10/27/21,1
Student,10/27/21,2
Student,10/28/21,1
Staff,10/28/21,1
Student,10/29/21,1
Student,10/29/21,3
Student,11/1/21,1
Staff,11/2/21,1
Student,11/2/21,3
Student,11/3/21,1
Student,11/3/21,4
Student,11/4/21,4
Student,11/5/21,3
Faculty,11/5/21,1
Staff,11/6/21,1
Student,11/7/21,1
Faculty,11/7/21,1
Student,11/7/21,1
Student,11/8/21,1
Student,11/8/21,7
Student,11/9/21,4
Staff,11/10/21,1
Student,11/10/21,3
Student,11/11/21,2
Student,11/12/21,1
Student,11/15/21,4
Student,11/16/21,1
Student,11/16/21,4
Student,11/17/21,1
Staff,11/17/21,1
Staff,11/18/21,1
Student,11/18/21,3
Staff,11/18/21,1
Student,11/18/21,4
Student,11/19/21,2
Student,11/22/21,1
Staff,11/22/21,1
Student,11/22/21,1
Student,11/23/21,1
Student,11/25/21,1
Staff,11/29/21,4
Student,11/29/21,7
Staff,11/30/21,1
Student,11/30/21,8
Student,12/1/21,3
Student,12/1/21,8
Staff,12/1/21,1
Staff,12/2/21,1
Student,12/2/21,1
Staff,12/2/21,1
Faculty,12/2/21,1
Student,12/2/21,9
Student,12/3/21,2
Student,12/3/21,4
Staff,12/4/21,1
Staff,12/5/21,1
Student,12/6/21,11
Staff,12/6/21,1
Student,12/7/21,1
Student,12/7/21,4
Student,12/8/21,10
Staff,12/8/21,1
Student,12/9/21,4
Student,12/9/21,16
Staff,12/9/21,3
Student,12/10/21,3
Student,12/10/21,11
Student,12/11/21,1
Student,12/13/21,1
Faculty,12/13/21,1
Staff,12/13/21,4
Student,12/13/21,28
Student,12/14/21,6
Staff,12/14/21,2
Student,12/14/21,30
Student,12/15/21,3
Student,12/15/21,72
Staff,12/15/21,9
Student,12/16/21,4
Faculty,12/16/21,1
Staff,12/16/21,11
Student,12/16/21,138
Student,12/17/21,4
Student,12/17/21,117
Faculty,12/17/21,1
Staff,12/17/21,1
Student,12/18/21,6
Student,12/18/21,17
Student,12/19/21,8
Student,12/19/21,2
Staff,12/19/21,1
Staff,12/20/21,2
Faculty,12/20/21,1
Student,12/20/21,10
Student,12/20/21,138
Faculty,12/20/21,4
Staff,12/20/21,25
Student,12/21/21,11
Staff,12/21/21,1
Student,12/21/21,86
Faculty,12/21/21,1
Staff,12/21/21,17
Faculty,12/22/21,1
Student,12/22/21,18
Student,12/22/21,51
Staff,12/22/21,4
Faculty,12/22/21,6
Student,12/23/21,17
Student,12/23/21,8
Staff,12/23/21,1
Student,12/24/21,11
Staff,12/24/21,2
Student,12/24/21,4
Student,12/25/21,13
Staff,12/25/21,1
Student,12/25/21,4
Staff,12/26/21,2
Student,12/26/21,9
Student,12/26/21,8
Staff,12/26/21,3
Staff,12/27/21,2
Student,12/27/21,21
Faculty,12/27/21,1
Student,12/27/21,11
Staff,12/27/21,4
Faculty,12/27/21,1
Student,12/28/21,10
Faculty,12/28/21,1
Faculty,12/28/21,3
Student,12/28/21,7
Staff,12/28/21,2
Staff,12/29/21,1
Student,12/29/21,11
Faculty,12/29/21,3
Student,12/29/21,7
Staff,12/29/21,3
Student,12/30/21,18
Student,12/30/21,7
Faculty,12/30/21,1
Staff,12/31/21,1
Student,12/31/21,11
Student,12/31/21,6
Staff,12/31/21,6
Faculty,12/31/21,1
Student,1/1/22,14
Faculty,1/1/22,1
Student,1/1/22,4
Staff,1/1/22,1
Staff,1/2/22,1
Student,1/2/22,14
Staff,1/2/22,3
Student,1/2/22,7
Student,1/3/22,10
Staff,1/3/22,1
Faculty,1/3/22,1
Student,1/3/22,8
Staff,1/3/22,2
Staff,1/4/22,2
Student,1/4/22,10
Faculty,1/4/22,8
Student,1/4/22,46
Staff,1/4/22,29
Staff,1/5/22,4
Student,1/5/22,17
Student,1/5/22,45
Faculty,1/5/22,5
Staff,1/5/22,35
Student,1/6/22,12
Staff,1/6/22,1
Staff,1/6/22,58
Faculty,1/6/22,10
Student,1/6/22,73
Student,1/7/22,10
Staff,1/7/22,11
Student,1/7/22,28
Faculty,1/7/22,4
Student,1/8/22,6
Staff,1/8/22,1
Faculty,1/8/22,1
Staff,1/8/22,2
Student,1/8/22,9
Student,1/9/22,8
Staff,1/9/22,1
Student,1/9/22,3
Student,1/10/22,11
Staff,1/10/22,21
Student,1/10/22,37
Faculty,1/10/22,5
Student,1/11/22,7
Student,1/11/22,17
Faculty,1/11/22,4
Staff,1/11/22,5
Student,1/12/22,5
Student,1/12/22,12
Staff,1/12/22,10
Student,1/13/22,6
Staff,1/13/22,1
Faculty,1/13/22,2
Student,1/13/22,19
Staff,1/13/22,14
Student,1/14/22,6
Student,1/14/22,11
Staff,1/14/22,9
Student,1/15/22,2
Staff,1/15/22,1
Faculty,1/15/22,2
Staff,1/15/22,3
Student,1/15/22,9
Student,1/16/22,3
Staff,1/16/22,2
Student,1/16/22,3
Faculty,1/16/22,1
Student,1/17/22,3
Staff,1/17/22,3
Student,1/17/22,9
Faculty,1/17/22,1
Student,1/18/22,4
Student,1/18/22,9
Faculty,1/18/22,2
Staff,1/18/22,11
Student,1/19/22,3
Staff,1/19/22,4
Faculty,1/19/22,2
Student,1/19/22,16
Student,1/20/22,9
Staff,1/20/22,9
Faculty,1/20/22,3
Student,1/20/22,18
Student,1/21/22,2
Student,1/21/22,22
Staff,1/21/22,5
Student,1/22/22,6
Staff,1/22/22,3
Student,1/22/22,22
Student,1/23/22,6
Faculty,1/23/22,1
Faculty,1/23/22,3
Student,1/23/22,22
Staff,1/23/22,12
Student,1/24/22,2
Staff,1/24/22,1
Faculty,1/24/22,2
Staff,1/24/22,10
Student,1/24/22,18
Student,1/25/22,1
Faculty,1/25/22,1
Staff,1/25/22,2
Student,1/25/22,9
Student,1/26/22,3
Faculty,1/26/22,1
Student,1/26/22,8
Faculty,1/26/22,2
Staff,1/26/22,3
Student,1/27/22,3
Student,1/27/22,12
Staff,1/27/22,5
Faculty,1/27/22,1
Student,1/28/22,8
Staff,1/28/22,7
Staff,1/29/22,1
Student,1/29/22,2
Student,1/29/22,7
Faculty,1/29/22,1
Student,1/30/22,1
Student,1/30/22,11
Staff,1/30/22,3
Faculty,1/30/22,1
Student,1/31/22,1
Staff,1/31/22,2
Student,1/31/22,29
Faculty,1/31/22,2
Student,2/1/22,5
Staff,2/1/22,1
Student,2/1/22,20
Staff,2/1/22,4
Student,2/2/22,2
Staff,2/2/22,2
Student,2/2/22,22
Student,2/3/22,3
Student,2/3/22,15
Staff,2/3/22,2
Faculty,2/3/22,1
Student,2/4/22,2
Faculty,2/4/22,1
Student,2/4/22,22
Staff,2/4/22,1
Student,2/5/22,1
Staff,2/5/22,2
Student,2/5/22,3
Student,2/6/22,7
Staff,2/6/22,1
Student,2/7/22,3
Staff,2/7/22,2
Student,2/7/22,10
Student,2/8/22,2
Student,2/8/22,20
Staff,2/8/22,3
Student,2/9/22,2
Staff,2/9/22,2
Student,2/9/22,14
Faculty,2/9/22,1
Student,2/10/22,3
Staff,2/10/22,4
Student,2/10/22,17
Student,2/11/22,4
Staff,2/11/22,2
Student,2/11/22,18
Faculty,2/11/22,1
Student,2/12/22,1
Student,2/12/22,24
Student,2/13/22,24
Staff,2/13/22,1
Faculty,2/13/22,1
Staff,2/14/22,3
Student,2/14/22,66
Staff,2/15/22,1
Student,2/15/22,1
Student,2/15/22,57
Staff,2/15/22,3
Student,2/16/22,1
Student,2/16/22,65
Staff,2/16/22,3
Student,2/17/22,61
Staff,2/17/22,4
Student,2/18/22,1
Student,2/18/22,35
Faculty,2/18/22,1
Staff,2/18/22,2
Faculty,2/19/22,1
Student,2/19/22,19
Student,2/20/22,16
Faculty,2/20/22,1
Staff,2/21/22,2
Student,2/21/22,34
Student,2/22/22,1
Faculty,2/22/22,1
Student,2/22/22,26
Staff,2/22/22,3
Staff,2/23/22,3
Student,2/23/22,19
Faculty,2/23/22,1
Student,2/24/22,1
Student,2/24/22,13
Staff,2/24/22,2
Student,2/25/22,10
Faculty,2/25/22,1
Staff,2/25/22,2
Student,2/26/22,1
Student,2/26/22,5
Staff,2/27/22,1
Student,2/27/22,6
Student,2/28/22,1
Student,2/28/22,13
Staff,2/28/22,2
Student,3/1/22,2
Student,3/1/22,11
Staff,3/1/22,3
Student,3/2/22,15
Student,3/3/22,1
Student,3/3/22,8
Faculty,3/3/22,2
Student,3/4/22,4
Staff,3/5/22,1
Student,3/5/22,1
Faculty,3/6/22,1
Student,3/6/22,3
Student,3/7/22,11
Staff,3/7/22,2
Student,3/8/22,2
Staff,3/8/22,1
Staff,3/8/22,1
Student,3/8/22,14
Faculty,3/8/22,1
Student,3/9/22,1
Student,3/9/22,3
Staff,3/9/22,1
Student,3/10/22,1
Staff,3/10/22,1
Student,3/10/22,4
Faculty,3/10/22,1
Student,3/11/22,5
Staff,3/11/22,1
Student,3/12/22,2
Student,3/12/22,1
Faculty,3/12/22,1
Faculty,3/13/22,1
Student,3/13/22,3
Student,3/14/22,1
Staff,3/14/22,1
Student,3/15/22,4
Staff,3/15/22,1
Faculty,3/15/22,1
Student,3/15/22,3
Staff,3/16/22,1
Faculty,3/16/22,1
Staff,3/16/22,2
Student,3/16/22,3
Student,3/17/22,2
Staff,3/17/22,1
Student,3/17/22,3
Student,3/18/22,3
Faculty,3/18/22,1
Student,3/18/22,2
Staff,3/18/22,1
Student,3/19/22,2
Student,3/20/22,2
Staff,3/20/22,1
Student,3/21/22,2
Student,3/22/22,3
Student,3/22/22,1
Staff,3/22/22,1
Faculty,3/23/22,1
Staff,3/23/22,1
Student,3/23/22,1
Staff,3/23/22,1
Faculty,3/23/22,2
Staff,3/24/22,2
Student,3/24/22,2
Faculty,3/24/22,1
Staff,3/24/22,1
Student,3/24/22,2
Student,3/25/22,3
Student,3/26/22,3
Student,3/26/22,2
Staff,3/26/22,2
Student,3/27/22,1
Staff,3/27/22,2
Student,3/27/22,5
Student,3/28/22,2
Faculty,3/28/22,2
Staff,3/28/22,1
Student,3/28/22,1
Staff,3/29/22,1
Student,3/29/22,4
Faculty,3/30/22,1
Staff,3/30/22,2
Faculty,3/30/22,1
Student,3/30/22,9
Student,3/31/22,2
Staff,3/31/22,1
Faculty,3/31/22,2
Student,3/31/22,5
Staff,4/1/22,1
Student,4/1/22,4
Student,4/1/22,1
Staff,4/1/22,1
Faculty,4/1/22,2
Staff,4/2/22,2
Student,4/2/22,1
Faculty,4/2/22,2
Faculty,4/3/22,1
Student,4/3/22,4
Student,4/3/22,6
Staff,4/4/22,1
Student,4/4/22,7
Staff,4/4/22,3
Student,4/4/22,4
Staff,4/5/22,1
Student,4/5/22,8
Faculty,4/5/22,1
Student,4/5/22,6
Staff,4/5/22,1
Staff,4/6/22,1
Student,4/6/22,2
Staff,4/6/22,1
Student,4/6/22,5
Faculty,4/6/22,2
Student,4/7/22,4
Staff,4/7/22,2
Staff,4/7/22,3
Faculty,4/7/22,1
Student,4/7/22,7
Student,4/8/22,1
Staff,4/8/22,1
Faculty,4/8/22,1
Student,4/8/22,6
Student,4/9/22,1
Faculty,4/9/22,1
Student,4/9/22,6
Staff,4/10/22,1
Faculty,4/10/22,2
Student,4/10/22,5
Faculty,4/10/22,1
Student,4/10/22,7
Staff,4/10/22,2
Student,4/11/22,3
Staff,4/11/22,2
Student,4/11/22,6
Staff,4/11/22,2
Faculty,4/11/22,1
Student,4/12/22,6
Staff,4/12/22,5
Student,4/12/22,15
Faculty,4/12/22,3
Student,4/13/22,9
Faculty,4/13/22,1
Staff,4/13/22,2
Student,4/13/22,11
Student,4/14/22,3
Staff,4/14/22,4
Student,4/14/22,12
Student,4/15/22,2
Faculty,4/15/22,1
Staff,4/15/22,2
Student,4/15/22,8
Faculty,4/15/22,2
Staff,4/15/22,1
Faculty,4/16/22,2
Staff,4/16/22,2
Student,4/16/22,6
Student,4/16/22,4
Staff,4/16/22,1
Student,4/17/22,2
Staff,4/17/22,2
Staff,4/17/22,4
Student,4/17/22,9
Student,4/18/22,3
Staff,4/18/22,1
Student,4/18/22,13
Staff,4/18/22,5
Student,4/19/22,4
Faculty,4/19/22,1
Staff,4/19/22,3
Student,4/19/22,13
Student,4/20/22,4
Staff,4/20/22,2
Student,4/20/22,9
Faculty,4/20/22,2
Staff,4/20/22,3
Faculty,4/21/22,1
Staff,4/21/22,1
Student,4/21/22,4
Staff,4/21/22,2
Student,4/21/22,11
Faculty,4/21/22,2
Student,4/22/22,11
Staff,4/22/22,2
Student,4/22/22,4
Staff,4/22/22,1
Student,4/23/22,8
Faculty,4/23/22,1
Staff,4/23/22,1
Student,4/23/22,1
Staff,4/23/22,1
Staff,4/24/22,2
Student,4/24/22,7
Staff,4/24/22,1
Student,4/24/22,2
Staff,4/25/22,6
Student,4/25/22,13
Staff,4/25/22,1
Student,4/25/22,2
Student,4/26/22,9
Staff,4/26/22,1
Student,4/26/22,5
Faculty,4/26/22,1
Staff,4/27/22,1
Faculty,4/27/22,1
Student,4/27/22,6
Student,4/27/22,4
Staff,4/27/22,4
Student,4/28/22,4
Student,4/28/22,6
Staff,4/28/22,1
Faculty,4/29/22,1
Staff,4/29/22,1
Student,4/29/22,6
Staff,4/29/22,2
Student,4/30/22,1
Faculty,4/30/22,2
Staff,4/30/22,1
Staff,5/1/22,1
Student,5/1/22,8
Faculty,5/1/22,1
Faculty,5/1/22,1
Student,5/1/22,2
Staff,5/1/22,3
Staff,5/2/22,1
Student,5/2/22,9
Faculty,5/2/22,1
Student,5/2/22,3
Student,5/3/22,8
Staff,5/3/22,6
Student,5/3/22,6
Staff,5/3/22,4
Faculty,5/4/22,1
Student,5/4/22,8
Staff,5/4/22,1
Student,5/4/22,4
Faculty,5/4/22,2
Staff,5/4/22,4
Student,5/5/22,7
Staff,5/5/22,2
Faculty,5/5/22,1
Staff,5/5/22,2
Student,5/5/22,3
Faculty,5/5/22,2
Staff,5/6/22,5
Student,5/6/22,5
Staff,5/6/22,3
Student,5/6/22,4
Student,5/7/22,4
Staff,5/7/22,5
Staff,5/7/22,2
Student,5/7/22,4
Student,5/8/22,3
Staff,5/8/22,3
Student,5/8/22,6
Staff,5/9/22,2
Faculty,5/9/22,1
Student,5/9/22,10
Staff,5/9/22,4
Student,5/9/22,10
Student,5/10/22,8
Faculty,5/10/22,3
Student,5/10/22,14
Staff,5/10/22,2
Student,5/11/22,6
Staff,5/11/22,3
Staff,5/11/22,6
Student,5/11/22,12
Faculty,5/11/22,1
Student,5/12/22,8
Staff,5/12/22,2
Staff,5/12/22,5
Faculty,5/12/22,1
Student,5/12/22,16
Student,5/13/22,10
Faculty,5/13/22,1
Staff,5/13/22,2
Staff,5/13/22,1
Student,5/13/22,10
Staff,5/14/22,3
Student,5/14/22,4
Staff,5/14/22,1
Student,5/14/22,6
Faculty,5/14/22,3
Student,5/15/22,6
Faculty,5/15/22,1
Faculty,5/15/22,2
Staff,5/15/22,4
Student,5/15/22,2
Faculty,5/16/22,1
Student,5/16/22,7
Staff,5/16/22,1
Staff,5/16/22,6
Student,5/16/22,9
Faculty,5/16/22,1
Faculty,5/17/22,1
Student,5/17/22,5
Staff,5/17/22,1
Student,5/17/22,2
Staff,5/17/22,1
Faculty,5/18/22,2
Staff,5/18/22,5
Student,5/18/22,10
Staff,5/18/22,3
Student,5/18/22,4
Faculty,5/18/22,3
Student,5/19/22,10
Staff,5/19/22,2
Student,5/19/22,4
Faculty,5/19/22,2
Student,5/20/22,8
Faculty,5/20/22,1
Student,5/20/22,1
Staff,5/20/22,3
Student,5/21/22,4
Staff,5/21/22,3
Student,5/21/22,1
Staff,5/21/22,3
Student,5/22/22,7
Staff,5/22/22,5
Faculty,5/22/22,1
Student,5/22/22,1
Staff,5/22/22,4
Student,5/23/22,8
Faculty,5/23/22,1
Staff,5/23/22,5
Staff,5/23/22,6
Student,5/23/22,1
Faculty,5/23/22,3
Student,5/24/22,2
Faculty,5/24/22,1
Staff,5/24/22,4
Student,5/24/22,1
Student,5/25/22,8
Faculty,5/25/22,3
Student,5/25/22,1
Staff,5/25/22,7
Student,5/26/22,5
Student,5/26/22,2
Faculty,5/26/22,1
Staff,5/26/22,5
Student,5/27/22,1
Staff,5/27/22,2
Staff,5/27/22,3
Student,5/27/22,2
Student,5/28/22,1
Staff,5/28/22,3
Student,5/28/22,1
Student,5/29/22,1
Faculty,5/29/22,1
Staff,5/29/22,1
Faculty,5/29/22,1
Staff,5/29/22,5
Student,5/29/22,1
Student,5/30/22,4
Faculty,5/30/22,1
Staff,5/30/22,1
Staff,5/30/22,5
Student,5/30/22,1
Staff,5/31/22,2
Faculty,5/31/22,1
Student,5/31/22,1
Staff,5/31/22,4
Student,5/31/22,1
Faculty,5/31/22,2
Student,6/1/22,2
Faculty,6/1/22,2
Staff,6/1/22,6
Student,6/1/22,2
Faculty,6/1/22,1
Faculty,6/2/22,1
Staff,6/2/22,1
Student,6/2/22,4
Staff,6/2/22,1
Faculty,6/2/22,1
Student,6/2/22,2
Student,6/3/22,1
Staff,6/3/22,2
Staff,6/3/22,4
Student,6/4/22,2
Faculty,6/4/22,1
Staff,6/4/22,3
Student,6/5/22,2
Staff,6/5/22,3
Student,6/6/22,4
Faculty,6/6/22,1
Student,6/6/22,1
Staff,6/6/22,1
Faculty,6/6/22,3
Faculty,6/7/22,1
Student,6/7/22,5
Staff,6/7/22,1
Staff,6/7/22,2
Student,6/8/22,1
Staff,6/8/22,1
Staff,6/8/22,4
Student,6/9/22,2
Staff,6/9/22,1
Faculty,6/9/22,1
Staff,6/9/22,2
Student,6/10/22,2
Faculty,6/10/22,2
Student,6/10/22,1
Staff,6/10/22,1
Faculty,6/11/22,2
Staff,6/11/22,2
Staff,6/11/22,2
Faculty,6/11/22,2
Student,6/11/22,1
Staff,6/12/22,1
Student,6/12/22,2
Staff,6/12/22,3
Faculty,6/13/22,2
Student,6/13/22,4
Staff,6/13/22,1
Staff,6/13/22,4
Faculty,6/13/22,1
Student,6/14/22,6
Faculty,6/14/22,1
Student,6/14/22,1
Staff,6/14/22,4
Faculty,6/14/22,2
Student,6/15/22,2
Staff,6/15/22,2
Student,6/15/22,2
Staff,6/15/22,4
Staff,6/16/22,1
Student,6/16/22,2
Staff,6/16/22,1
Faculty,6/16/22,1
Student,6/16/22,1
Student,6/17/22,1
Staff,6/17/22,1
Staff,6/17/22,1
Faculty,6/17/22,1
Staff,6/18/22,1
Student,6/18/22,3
Staff,6/18/22,2
Student,6/18/22,1
Faculty,6/18/22,1
Student,6/19/22,3
Staff,6/19/22,1
Staff,6/19/22,2
Student,6/19/22,1
Staff,6/20/22,2
Student,6/20/22,2
Staff,6/20/22,2
Student,6/20/22,2
Student,6/21/22,5
Staff,6/21/22,4
Student,6/21/22,1
Faculty,6/22/22,1
Student,6/22/22,1
Faculty,6/22/22,1
Student,6/22/22,1
Staff,6/22/22,6
Faculty,6/23/22,1
Student,6/23/22,2
Staff,6/23/22,4
Student,6/23/22,2
Faculty,6/24/22,2
Student,6/24/22,2
Student,6/24/22,2
Staff,6/24/22,2
Faculty,6/24/22,1
Staff,6/25/22,1
Faculty,6/25/22,1
Student,6/25/22,1
Staff,6/25/22,3
Student,6/25/22,1
Faculty,6/25/22,1
Student,6/26/22,2
Staff,6/26/22,2
Faculty,6/26/22,2
Student,6/27/22,1
Staff,6/27/22,2
Student,6/28/22,2
Faculty,6/28/22,3
Staff,6/28/22,1
Student,6/28/22,2
Faculty,6/28/22,1
Student,6/29/22,3
Staff,6/29/22,2
Faculty,6/29/22,1
Staff,6/29/22,1
Faculty,6/30/22,1
Student,6/30/22,2
Staff,6/30/22,2
Staff,6/30/22,3
Staff,7/1/22,4
Student,7/1/22,3
Faculty,7/1/22,2
Student,7/1/22,1
Staff,7/1/22,1
Staff,7/2/22,4
Faculty,7/2/22,2
Staff,7/2/22,1
Faculty,7/3/22,2
Staff,7/3/22,1
Student,7/3/22,1
Staff,7/3/22,1
Faculty,7/3/22,1
Staff,7/4/22,5
Faculty,7/4/22,1
Student,7/4/22,2
Staff,7/4/22,1
Staff,7/5/22,4
Faculty,7/5/22,1
Student,7/5/22,3
Staff,7/5/22,1
Student,7/6/22,4
Faculty,7/6/22,3
Staff,7/6/22,6
Student,7/6/22,1
Staff,7/7/22,6
Faculty,7/7/22,1
Student,7/7/22,2
Staff,7/8/22,4
Faculty,7/8/22,1
Student,7/8/22,4
Faculty,7/9/22,2
Staff,7/9/22,2
Student,7/9/22,1
Student,7/10/22,2
Staff,7/10/22,11
Faculty,7/10/22,3
Faculty,7/11/22,4
Student,7/11/22,4
Staff,7/11/22,9
Faculty,7/12/22,1
Student,7/12/22,1
Staff,7/12/22,5
Student,7/13/22,9
Staff,7/13/22,3
Faculty,7/13/22,2
Student,7/14/22,5
Staff,7/14/22,7
Faculty,7/15/22,3
Staff,7/15/22,3
Staff,7/15/22,1
Student,7/16/22,2
Staff,7/16/22,2
Faculty,7/16/22,2
Student,7/17/22,1
Staff,7/17/22,8
Staff,7/18/22,9
Student,7/18/22,4
Faculty,7/18/22,1
Student,7/19/22,5
Faculty,7/19/22,2
Staff,7/19/22,4
Student,7/20/22,3
Staff,7/20/22,5
Faculty,7/20/22,2
Student,7/20/22,1
Student,7/21/22,4
Staff,7/21/22,6
Faculty,7/22/22,3
Student,7/22/22,3
Staff,7/22/22,4
Student,7/23/22,2
Staff,7/23/22,9
Staff,7/24/22,3
Student,7/24/22,1
Faculty,7/24/22,3
Faculty,7/25/22,1
Staff,7/25/22,3
Student,7/25/22,4
Faculty,7/26/22,4
Student,7/26/22,3
Staff,7/26/22,11
Staff,7/27/22,5
Student,7/27/22,3
Faculty,7/27/22,1
Faculty,7/28/22,2
Student,7/28/22,4
Staff,7/29/22,1
Faculty,7/29/22,1
Student,7/29/22,1
Faculty,7/30/22,1
Staff,7/30/22,7
Student,7/30/22,3
Student,7/31/22,1
Staff,7/31/22,1
Staff,8/1/22,4
Student,8/1/22,6
Faculty,8/1/22,2
Staff,8/2/22,6
Student,8/2/22,1
Faculty,8/2/22,1
Faculty,8/3/22,2
Staff,8/3/22,6
Student,8/3/22,3
Staff,8/3/22,1
Faculty,8/4/22,3
Student,8/4/22,4
Staff,8/4/22,6
Student,8/5/22,4
Faculty,8/5/22,2
Student,8/6/22,1
Staff,8/6/22,11
Faculty,8/7/22,3
Staff,8/7/22,7
Student,8/7/22,1
Staff,8/7/22,1
Staff,8/8/22,6
Student,8/8/22,5
Faculty,8/8/22,5
Student,8/9/22,3
Staff,8/9/22,5
Student,8/10/22,3
Staff,8/10/22,5
Staff,8/11/22,2
Student,8/11/22,5
Student,8/11/22,1
Staff,8/12/22,6
Student,8/12/22,2
Faculty,8/12/22,2
Student,8/13/22,2
Staff,8/13/22,1
Faculty,8/13/22,2
Staff,8/14/22,7
Faculty,8/14/22,1
Student,8/15/22,4
Staff,8/15/22,2
Student,8/16/22,6
Staff,8/16/22,8
Faculty,8/16/22,1
Staff,8/17/22,1
Student,8/17/22,3
Faculty,8/17/22,2
Student,8/18/22,2
Faculty,8/18/22,2
Staff,8/18/22,1
Staff,8/18/22,1
Student,8/19/22,3
Staff,8/19/22,7
Faculty,8/19/22,2
Staff,8/19/22,1
Student,8/20/22,5
Staff,8/20/22,2
Student,8/21/22,1
Faculty,8/21/22,3
Staff,8/21/22,2
Student,8/22/22,11
Staff,8/22/22,7
Faculty,8/22/22,1
Student,8/22/22,1
Student,8/23/22,5
Faculty,8/23/22,1
Staff,8/23/22,6
Staff,8/24/22,10
Student,8/24/22,10
Faculty,8/24/22,3
Staff,8/24/22,1
Faculty,8/25/22,2
Staff,8/25/22,5
Student,8/25/22,7
Faculty,8/26/22,3
Staff,8/26/22,8
Student,8/26/22,4
Staff,8/27/22,4
Student,8/27/22,11
Faculty,8/27/22,3
Staff,8/28/22,5
Student,8/28/22,24
Faculty,8/28/22,1
Staff,8/29/22,5
Student,8/29/22,18
Student,8/29/22,1
Student,8/30/22,52
Staff,8/30/22,4
Faculty,8/30/22,3
Staff,8/31/22,5
Faculty,8/31/22,1
Student,8/31/22,42
Student,8/31/22,1
Staff,9/1/22,5
Faculty,9/1/22,2
Student,9/1/22,43
Student,9/1/22,1
Staff,9/2/22,1
Student,9/2/22,45
Faculty,9/2/22,3
Student,9/2/22,2
Staff,9/3/22,10
Faculty,9/3/22,2
Student,9/3/22,36
Staff,9/4/22,4
Student,9/4/22,61
Faculty,9/4/22,1
Staff,9/5/22,5
Student,9/5/22,87
Faculty,9/5/22,4
Staff,9/6/22,12
Student,9/6/22,107
Faculty,9/6/22,1
Student,9/6/22,1
Staff,9/7/22,6
Student,9/7/22,59
Faculty,9/7/22,1
Student,9/8/22,40
Staff,9/8/22,2
Staff,9/9/22,2
Faculty,9/9/22,2
Student,9/9/22,41
Staff,9/10/22,6
Faculty,9/10/22,1
Student,9/10/22,37
Student,9/11/22,36
Staff,9/11/22,7
Faculty,9/11/22,3
Staff,9/12/22,3
Student,9/12/22,50
Faculty,9/12/22,4
Student,9/12/22,1
Faculty,9/13/22,3
Staff,9/13/22,7
Student,9/13/22,55
Student,9/13/22,1
Student,9/14/22,39
Faculty,9/14/22,3
Staff,9/14/22,10
Student,9/14/22,1
Faculty,9/15/22,2
Student,9/15/22,32
Staff,9/15/22,2
Staff,9/16/22,5
Student,9/16/22,22
Faculty,9/16/22,3
Staff,9/17/22,4
Student,9/17/22,14
Faculty,9/17/22,2
Faculty,9/18/22,2
Student,9/18/22,19
Staff,9/18/22,5
Faculty,9/19/22,3
Staff,9/19/22,5
Student,9/19/22,19
Student,9/20/22,19
Faculty,9/20/22,1
Staff,9/20/22,4
faculty,9/20/22,1
staff,9/20/22,2
student,9/20/22,21
Student,9/21/22,11
Staff,9/21/22,4
Faculty,9/21/22,1
faculty,9/21/22,0
staff,9/21/22,3
student,9/21/22,15
Faculty,9/22/22,1
Student,9/22/22,6
Staff,9/22/22,8
faculty,9/22/22,1
staff,9/22/22,5
student,9/22/22,10
Faculty,9/23/22,1
Student,9/23/22,4
Student,9/23/22,1
faculty,9/23/22,1
staff,9/23/22,0
student,9/23/22,7
Student,9/24/22,5
Faculty,9/24/22,2
Staff,9/24/22,1
faculty,9/24/22,2
staff,9/24/22,0
student,9/24/22,8
Faculty,9/25/22,3
Student,9/25/22,6
Staff,9/25/22,1
faculty,9/25/22,3
staff,9/25/22,0
student,9/25/22,9
Staff,9/26/22,3
Student,9/26/22,6
Faculty,9/26/22,1
faculty,9/26/22,2
staff,9/26/22,1
student,9/26/22,10
Faculty,9/27/22,1
Student,9/27/22,7
Staff,9/27/22,4
faculty,9/27/22,1
staff,9/27/22,3
student,9/27/22,10
Student,9/28/22,3
Staff,9/28/22,4
Faculty,9/28/22,3
faculty,9/28/22,5
staff,9/28/22,4
student,9/28/22,4
Faculty,9/29/22,2
Staff,9/29/22,3
Student,9/29/22,2
faculty,9/29/22,4
staff,9/29/22,4
student,9/29/22,4
Faculty,9/30/22,1
Staff,9/30/22,1
Staff,9/30/22,1
faculty,9/30/22,2
staff,9/30/22,4
student,9/30/22,2
faculty,10/1/22,1
staff,10/1/22,1
student,10/1/22,8
faculty,10/2/22,1
staff,10/2/22,1
student,10/2/22,4
faculty,10/3/22,3
staff,10/3/22,3
student,10/3/22,6
faculty,10/4/22,0
staff,10/4/22,3
student,10/4/22,8
faculty,10/5/22,5
staff,10/5/22,0
student,10/5/22,8
faculty,10/6/22,0
staff,10/6/22,2
student,10/6/22,4
faculty,10/7/22,0
staff,10/7/22,2
student,10/7/22,4
faculty,10/8/22,1
staff,10/8/22,2
student,10/8/22,4
faculty,10/9/22,0
staff,10/9/22,2
student,10/9/22,1
faculty,10/10/22,1
staff,10/10/22,1
student,10/10/22,8
faculty,10/11/22,0
staff,10/11/22,2
student,10/11/22,2
faculty,10/12/22,0
staff,10/12/22,5
student,10/12/22,10
faculty,10/13/22,1
staff,10/13/22,3
student,10/13/22,3
faculty,10/14/22,2
staff,10/14/22,1
student,10/14/22,6
faculty,10/15/22,1
staff,10/15/22,3
student,10/15/22,6
faculty,10/16/22,0
staff,10/16/22,3
student,10/16/22,4
faculty,10/17/22,1
staff,10/17/22,4
student,10/17/22,8
faculty,10/18/22,2
staff,10/18/22,2
student,10/18/22,5
faculty,10/19/22,1
staff,10/19/22,5
student,10/19/22,4
faculty,10/20/22,2
staff,10/20/22,1
student,10/20/22,15
faculty,10/21/22,1
staff,10/21/22,3
student,10/21/22,9
faculty,10/22/22,1
staff,10/22/22,0
student,10/22/22,9
faculty,10/23/22,0
staff,10/23/22,5
student,10/23/22,5
faculty,10/24/22,1
staff,10/24/22,2
student,10/24/22,13
faculty,10/25/22,3
staff,10/25/22,2
student,10/25/22,11
faculty,10/26/22,2
staff,10/26/22,4
student,10/26/22,15
faculty,10/27/22,0
staff,10/27/22,3
student,10/27/22,7
faculty,10/28/22,0
staff,10/28/22,6
student,10/28/22,6
faculty,10/29/22,1
staff,10/29/22,4
student,10/29/22,4
faculty,10/30/22,0
staff,10/30/22,1
student,10/30/22,9
faculty,10/31/22,0
staff,10/31/22,4
student,10/31/22,8
faculty,11/1/22,2
staff,11/1/22,3
student,11/1/22,14
faculty,11/2/22,0
staff,11/2/22,5
student,11/2/22,10
faculty,11/3/22,0
staff,11/3/22,2
student,11/3/22,11
faculty,11/4/22,1
staff,11/4/22,2
student,11/4/22,7
faculty,11/5/22,1
staff,11/5/22,2
student,11/5/22,5
faculty,11/6/22,1
staff,11/6/22,1
student,11/6/22,11
faculty,11/7/22,0
staff,11/7/22,1
student,11/7/22,7
faculty,11/8/22,1
staff,11/8/22,4
student,11/8/22,8
faculty,11/9/22,0
staff,11/9/22,1
student,11/9/22,4
faculty,11/10/22,0
staff,11/10/22,1
student,11/10/22,5
faculty,11/11/22,1
staff,11/11/22,1
student,11/11/22,6
faculty,11/12/22,0
staff,11/12/22,2
student,11/12/22,2
faculty,11/13/22,1
staff,11/13/22,1
student,11/13/22,3
faculty,11/14/22,2
staff,11/14/22,0
student,11/14/22,4
faculty,11/15/22,0
staff,11/15/22,3
student,11/15/22,7
faculty,11/16/22,2
staff,11/16/22,5
student,11/16/22,3
faculty,11/17/22,0
staff,11/17/22,1
student,11/17/22,7
faculty,11/18/22,2
staff,11/18/22,1
student,11/18/22,5
faculty,11/19/22,0
staff,11/19/22,1
student,11/19/22,3
faculty,11/20/22,1
staff,11/20/22,0
student,11/20/22,2
faculty,11/21/22,1
staff,11/21/22,1
student,11/21/22,10
faculty,11/22/22,2
staff,11/22/22,5
student,11/22/22,4
faculty,11/23/22,3
staff,11/23/22,0
student,11/23/22,4
faculty,11/24/22,1
staff,11/24/22,5
student,11/24/22,0
faculty,11/25/22,3
staff,11/25/22,1
student,11/25/22,4
faculty,11/26/22,0
staff,11/26/22,2
student,11/26/22,6
faculty,11/27/22,1
staff,11/27/22,7
student,11/27/22,10
faculty,11/28/22,0
staff,11/28/22,1
student,11/28/22,9
faculty,11/29/22,1
staff,11/29/22,5
student,11/29/22,11
faculty,11/30/22,1
staff,11/30/22,4
student,11/30/22,16
faculty,12/1/22,0
staff,12/1/22,4
student,12/1/22,8
faculty,12/2/22,0
staff,12/2/22,0
student,12/2/22,2
faculty,12/3/22,3
staff,12/3/22,0
student,12/3/22,4
faculty,12/4/22,1
staff,12/4/22,2
student,12/4/22,5
faculty,12/5/22,2
staff,12/5/22,3
student,12/5/22,6
faculty,12/6/22,1
staff,12/6/22,1
student,12/6/22,7
faculty,12/7/22,1
staff,12/7/22,2
student,12/7/22,10
faculty,12/8/22,1
staff,12/8/22,3
student,12/8/22,7
faculty,12/9/22,2
staff,12/9/22,3
student,12/9/22,7
faculty,12/10/22,1
staff,12/10/22,8
student,12/10/22,12
faculty,12/11/22,2
staff,12/11/22,4
student,12/11/22,8
faculty,12/12/22,0
staff,12/12/22,3
student,12/12/22,13
faculty,12/13/22,1
staff,12/13/22,4
student,12/13/22,8
faculty,12/14/22,1
staff,12/14/22,2
student,12/14/22,8
faculty,12/15/22,0
staff,12/15/22,4
student,12/15/22,8
faculty,12/16/22,0
staff,12/16/22,4
student,12/16/22,6
faculty,12/17/22,1
staff,12/17/22,2
student,12/17/22,5
faculty,12/18/22,1
staff,12/18/22,3
student,12/18/22,4
faculty,12/19/22,1
staff,12/19/22,1
student,12/19/22,4
faculty,12/20/22,0
staff,12/20/22,2
student,12/20/22,2
faculty,12/21/22,1
staff,12/21/22,3
student,12/21/22,0
faculty,12/22/22,0
staff,12/22/22,1
student,12/22/22,4
faculty,12/23/22,0
staff,12/23/22,0
student,12/23/22,3
faculty,12/24/22,0
staff,12/24/22,0
student,12/24/22,1
faculty,12/25/22,0
staff,12/25/22,2
student,12/25/22,1
faculty,12/26/22,1
staff,12/26/22,2
student,12/26/22,1
faculty,12/27/22,0
staff,12/27/22,5
student,12/27/22,5
faculty,12/28/22,1
staff,12/28/22,0
student,12/28/22,2
faculty,12/29/22,1
staff,12/29/22,2
student,12/29/22,1
faculty,12/30/22,0
staff,12/30/22,3
student,12/30/22,3
faculty,12/31/22,0
staff,12/31/22,4
student,12/31/22,1
faculty,1/1/23,0
staff,1/1/23,2
student,1/1/23,4
faculty,1/2/23,1
staff,1/2/23,8
student,1/2/23,8
faculty,1/3/23,1
staff,1/3/23,6
student,1/3/23,4
faculty,1/4/23,3
staff,1/4/23,5
student,1/4/23,6
faculty,1/5/23,1
staff,1/5/23,3
student,1/5/23,2
faculty,1/6/23,2
staff,1/6/23,6
student,1/6/23,2
faculty,1/7/23,2
staff,1/7/23,4
student,1/7/23,3
faculty,1/8/23,1
staff,1/8/23,4
student,1/8/23,5
faculty,1/9/23,1
staff,1/9/23,0
student,1/9/23,2
faculty,1/10/23,2
staff,1/10/23,1
student,1/10/23,3
faculty,1/11/23,1
staff,1/11/23,2
student,1/11/23,1
faculty,1/12/23,0
staff,1/12/23,3
student,1/12/23,2
faculty,1/13/23,0
staff,1/13/23,2
student,1/13/23,0
faculty,1/14/23,0
staff,1/14/23,1
student,1/14/23,4
faculty,1/15/23,0
staff,1/15/23,1
student,1/15/23,4
faculty,1/16/23,0
staff,1/16/23,2
student,1/16/23,4
faculty,1/17/23,0
staff,1/17/23,1
student,1/17/23,3
faculty,1/18/23,3
staff,1/18/23,0
student,1/18/23,2
faculty,1/19/23,2
staff,1/19/23,2
student,1/19/23,0
faculty,1/20/23,0
staff,1/20/23,3
student,1/20/23,2
faculty,1/21/23,1
staff,1/21/23,1
student,1/21/23,3
faculty,1/22/23,2
staff,1/22/23,3
student,1/22/23,2
faculty,1/23/23,1
staff,1/23/23,1
student,1/23/23,4
faculty,1/24/23,1
staff,1/24/23,2
student,1/24/23,2
faculty,1/25/23,1
staff,1/25/23,4
student,1/25/23,3
faculty,1/26/23,1
staff,1/26/23,2
student,1/26/23,5
faculty,1/27/23,0
staff,1/27/23,2
student,1/27/23,6
faculty,1/28/23,2
staff,1/28/23,1
student,1/28/23,4
faculty,1/29/23,1
staff,1/29/23,5
student,1/29/23,5
faculty,1/30/23,2
staff,1/30/23,3
student,1/30/23,10
faculty,1/31/23,2
staff,1/31/23,6
student,1/31/23,9
faculty,2/1/23,1
staff,2/1/23,7
student,2/1/23,6
faculty,2/2/23,0
staff,2/2/23,2
student,2/2/23,8
faculty,2/3/23,2
staff,2/3/23,1
student,2/3/23,8
faculty,2/4/23,0
staff,2/4/23,2
student,2/4/23,3
faculty,2/5/23,1
staff,2/5/23,2
student,2/5/23,4
faculty,2/6/23,0
staff,2/6/23,2
student,2/6/23,8
faculty,2/7/23,0
staff,2/7/23,2
student,2/7/23,6
faculty,2/8/23,1
staff,2/8/23,5
student,2/8/23,4
faculty,2/9/23,2
staff,2/9/23,3
student,2/9/23,2
faculty,2/10/23,0
staff,2/10/23,4
student,2/10/23,2
faculty,2/11/23,0
staff,2/11/23,1
student,2/11/23,3
faculty,2/12/23,0
staff,2/12/23,1
student,2/12/23,3
faculty,2/13/23,0
staff,2/13/23,3
student,2/13/23,3
faculty,2/14/23,0
staff,2/14/23,3
student,2/14/23,5
faculty,2/15/23,1
staff,2/15/23,2
student,2/15/23,2
faculty,2/16/23,1
staff,2/16/23,0
student,2/16/23,7
faculty,2/17/23,0
staff,2/17/23,1
student,2/17/23,6
faculty,2/18/23,0
staff,2/18/23,0
student,2/18/23,2
faculty,2/19/23,0
staff,2/19/23,0
student,2/19/23,4
faculty,2/20/23,0
staff,2/20/23,4
student,2/20/23,6
faculty,2/21/23,0
staff,2/21/23,0
student,2/21/23,3
faculty,2/22/23,0
staff,2/22/23,2
student,2/22/23,2
faculty,2/23/23,0
staff,2/23/23,0
student,2/23/23,3
faculty,2/24/23,0
staff,2/24/23,1
student,2/24/23,5
faculty,2/25/23,1
staff,2/25/23,1
student,2/25/23,4
faculty,2/26/23,0
staff,2/26/23,1
student,2/26/23,0
faculty,2/27/23,0
staff,2/27/23,1
student,2/27/23,4
faculty,2/28/23,1
staff,2/28/23,2
student,2/28/23,5
faculty,3/1/23,0
staff,3/1/23,0
student,3/1/23,7
faculty,3/2/23,0
staff,3/2/23,0
student,3/2/23,7
faculty,3/3/23,0
staff,3/3/23,0
student,3/3/23,1
faculty,3/4/23,1
staff,3/4/23,1
student,3/4/23,1
faculty,3/6/23,1
staff,3/6/23,2
student,3/6/23,1
faculty,3/7/23,0
staff,3/7/23,1
student,3/7/23,2
faculty,3/8/23,0
staff,3/8/23,1
student,3/8/23,3
faculty,3/9/23,0
staff,3/9/23,0
student,3/9/23,2
faculty,3/10/23,0
staff,3/10/23,2
student,3/10/23,0
faculty,3/11/23,1
staff,3/11/23,1
student,3/11/23,2
faculty,3/12/23,0
staff,3/12/23,4
student,3/12/23,0
faculty,3/13/23,1
staff,3/13/23,0
student,3/13/23,5
faculty,3/14/23,0
staff,3/14/23,1
student,3/14/23,5
faculty,3/15/23,1
staff,3/15/23,0
student,3/15/23,1
faculty,3/16/23,0
staff,3/16/23,1
student,3/16/23,1
faculty,3/17/23,0
staff,3/17/23,1
student,3/17/23,0
faculty,3/18/23,0
staff,3/18/23,1
student,3/18/23,1
faculty,3/21/23,0
staff,3/21/23,1
student,3/21/23,0
faculty,3/22/23,2
staff,3/22/23,0
student,3/22/23,0
faculty,3/23/23,1
staff,3/23/23,1
student,3/23/23,0
faculty,3/24/23,1
staff,3/24/23,1
student,3/24/23,2
faculty,3/26/23,2
staff,3/26/23,1
student,3/26/23,2
faculty,3/27/23,1
staff,3/27/23,0
student,3/27/23,3
faculty,3/28/23,1
staff,3/28/23,0
student,3/28/23,0
faculty,3/29/23,0
staff,3/29/23,0
student,3/29/23,3
faculty,3/30/23,0
staff,3/30/23,1
student,3/30/23,3
faculty,3/31/23,0
staff,3/31/23,1
student,3/31/23,2
faculty,4/1/23,0
staff,4/1/23,1
student,4/1/23,0
faculty,4/2/23,0
staff,4/2/23,0
student,4/2/23,3
faculty,4/3/23,0
staff,4/3/23,0
student,4/3/23,2
faculty,4/4/23,1
staff,4/4/23,0
student,4/4/23,1
faculty,4/5/23,0
staff,4/5/23,2
student,4/5/23,1
faculty,4/6/23,1
staff,4/6/23,0
student,4/6/23,1
faculty,4/8/23,0
staff,4/8/23,2
student,4/8/23,0
faculty,4/10/23,1
staff,4/10/23,0
student,4/10/23,3
faculty,4/11/23,0
staff,4/11/23,0
student,4/11/23,3
faculty,4/12/23,1
staff,4/12/23,0
student,4/12/23,0
faculty,4/13/23,0
staff,4/13/23,0
student,4/13/23,1
faculty,4/14/23,0
staff,4/14/23,2
student,4/14/23,0
faculty,4/15/23,0
staff,4/15/23,0
student,4/15/23,1
faculty,4/16/23,0
staff,4/16/23,1
student,4/16/23,3
faculty,4/17/23,0
staff,4/17/23,0
student,4/17/23,3
faculty,4/19/23,1
staff,4/19/23,1
student,4/19/23,0
faculty,4/24/23,1
staff,4/24/23,1
student,4/24/23,0
faculty,4/25/23,0
staff,4/25/23,0
student,4/25/23,1
faculty,4/26/23,0
staff,4/26/23,0
student,4/26/23,2
faculty,4/27/23,0
staff,4/27/23,1
student,4/27/23,0
faculty,4/29/23,0
staff,4/29/23,0
student,4/29/23,1
faculty,5/1/23,0
staff,5/1/23,0
student,5/1/23,1
faculty,5/2/23,0
staff,5/2/23,0
student,5/2/23,2
faculty,5/3/23,0
staff,5/3/23,0
student,5/3/23,2
faculty,5/4/23,0
staff,5/4/23,1
student,5/4/23,1
faculty,5/5/23,0
staff,5/5/23,0
student,5/5/23,2
faculty,5/6/23,0
staff,5/6/23,0
student,5/6/23,2
faculty,5/7/23,1
staff,5/7/23,0
student,5/7/23,0
faculty,5/8/23,0
staff,5/8/23,0
student,5/8/23,1
faculty,5/9/23,1
staff,5/9/23,0
student,5/9/23,2
faculty,5/12/23,0
staff,5/12/23,0
student,5/12/23,1
faculty,5/13/23,0
staff,5/13/23,1
student,5/13/23,0
faculty,5/15/23,1
staff,5/15/23,0
student,5/15/23,1
faculty,5/16/23,0
staff,5/16/23,1
student,5/16/23,1
faculty,5/18/23,0
staff,5/18/23,2
student,5/18/23,0
faculty,5/20/23,0
staff,5/20/23,3
student,5/20/23,0
faculty,5/22/23,0
staff,5/22/23,1
student,5/22/23,0
faculty,5/23/23,0
staff,5/23/23,2
student,5/23/23,0
faculty,5/25/23,0
staff,5/25/23,0
student,5/25/23,1
faculty,5/26/23,0
staff,5/26/23,1
student,5/26/23,0
faculty,5/29/23,0
staff,5/29/23,1
student,5/29/23,0
faculty,5/30/23,0
staff,5/30/23,0
student,5/30/23,1
faculty,5/31/23,1
staff,5/31/23,0
student,5/31/23,0
faculty,6/1/23,0
staff,6/1/23,0
student,6/1/23,1
faculty,6/4/23,0
staff,6/4/23,1
student,6/4/23,0
faculty,6/6/23,0
staff,6/6/23,1
student,6/6/23,0
faculty,6/7/23,0
staff,6/7/23,2
student,6/7/23,1
faculty,6/8/23,0
staff,6/8/23,1
student,6/8/23,1
faculty,6/10/23,0
staff,6/10/23,1
student,6/10/23,0
faculty,6/13/23,0
staff,6/13/23,2
student,6/13/23,1
faculty,6/17/23,0
staff,6/17/23,1
student,6/17/23,0
faculty,6/21/23,2
staff,6/21/23,0
student,6/21/23,0
faculty,6/22/23,0
staff,6/22/23,0
student,6/22/23,1
faculty,6/25/23,0
staff,6/25/23,1
student,6/25/23,0
faculty,6/27/23,1
staff,6/27/23,1
student,6/27/23,0
faculty,7/8/23,1
staff,7/8/23,0
student,7/8/23,0
faculty,7/9/23,1
staff,7/9/23,1
student,7/9/23,0
faculty,7/10/23,0
staff,7/10/23,1
student,7/10/23,0
faculty,7/13/23,0
staff,7/13/23,1
student,7/13/23,0
faculty,7/15/23,0
staff,7/15/23,1
student,7/15/23,0
faculty,7/16/23,0
staff,7/16/23,1
student,7/16/23,1
faculty,7/17/23,0
staff,7/17/23,1
student,7/17/23,1
faculty,7/18/23,1
staff,7/18/23,0
student,7/18/23,0
faculty,7/19/23,0
staff,7/19/23,2
student,7/19/23,1
faculty,7/22/23,0
staff,7/22/23,0
student,7/22/23,1
faculty,7/25/23,0
staff,7/25/23,1
student,7/25/23,0
faculty,7/26/23,1
staff,7/26/23,1
student,7/26/23,0
faculty,7/27/23,0
staff,7/27/23,1
student,7/27/23,1
faculty,7/30/23,0
staff,7/30/23,3
student,7/30/23,1
faculty,7/31/23,1
staff,7/31/23,2
student,7/31/23,0
faculty,8/4/23,0
staff,8/4/23,1
student,8/4/23,0
faculty,8/5/23,1
staff,8/5/23,0
student,8/5/23,0
faculty,8/6/23,2
staff,8/6/23,0
student,8/6/23,0
faculty,8/7/23,1
staff,8/7/23,1
student,8/7/23,0
faculty,8/8/23,0
staff,8/8/23,3
student,8/8/23,1
faculty,8/9/23,2
staff,8/9/23,1
student,8/9/23,2
faculty,8/10/23,0
staff,8/10/23,2
student,8/10/23,0
faculty,8/11/23,1
staff,8/11/23,4
student,8/11/23,2
faculty,8/12/23,0
staff,8/12/23,1
student,8/12/23,1
faculty,8/13/23,1
staff,8/13/23,0
student,8/13/23,1
faculty,8/14/23,0
staff,8/14/23,1
student,8/14/23,2
faculty,8/15/23,0
staff,8/15/23,2
student,8/15/23,1
faculty,8/16/23,1
staff,8/16/23,0
student,8/16/23,2
faculty,8/19/23,1
staff,8/19/23,0
student,8/19/23,1
faculty,8/20/23,1
staff,8/20/23,5
student,8/20/23,2
faculty,8/21/23,1
staff,8/21/23,4
student,8/21/23,4
faculty,8/22/23,0
staff,8/22/23,1
student,8/22/23,3
faculty,8/23/23,3
staff,8/23/23,2
student,8/23/23,4
faculty,8/24/23,1
staff,8/24/23,1
student,8/24/23,6
faculty,8/25/23,2
staff,8/25/23,2
student,8/25/23,0
faculty,8/26/23,1
staff,8/26/23,2
student,8/26/23,4
faculty,8/27/23,0
staff,8/27/23,7
student,8/27/23,6
faculty,8/28/23,1
staff,8/28/23,6
student,8/28/23,5
faculty,8/29/23,0
staff,8/29/23,7
student,8/29/23,8
faculty,8/30/23,2
staff,8/30/23,3
student,8/30/23,16
faculty,8/31/23,0
staff,8/31/23,1
student,8/31/23,9
faculty,9/1/23,1
staff,9/1/23,5
student,9/1/23,14
faculty,9/2/23,0
staff,9/2/23,1
student,9/2/23,14
faculty,9/3/23,0
staff,9/3/23,3
student,9/3/23,16
faculty,9/4/23,1
staff,9/4/23,4
student,9/4/23,26
faculty,9/5/23,0
staff,9/5/23,1
student,9/5/23,68